codigo_ocorrencia,fator_area
39115,FATOR OPERACIONAL
39115,FATOR OPERACIONAL
39115,FATOR HUMANO
39115,FATOR OPERACIONAL
39115,FATOR OPERACIONAL
39115,FATOR HUMANO
39156,FATOR OPERACIONAL
39156,FATOR OPERACIONAL
39156,FATOR OPERACIONAL
39235,FATOR OPERACIONAL
39235,FATOR OPERACIONAL
39275,FATOR OPERACIONAL
39275,FATOR HUMANO
39275,FATOR HUMANO
39275,FATOR HUMANO
39275,FATOR HUMANO
39275,FATOR HUMANO
39275,FATOR OPERACIONAL
39275,FATOR OPERACIONAL
39275,FATOR HUMANO
39275,FATOR OPERACIONAL
39275,FATOR OPERACIONAL
39275,FATOR OPERACIONAL
39275,FATOR HUMANO
39315,FATOR HUMANO
39315,FATOR OPERACIONAL
39315,FATOR HUMANO
39315,FATOR HUMANO
39315,FATOR OPERACIONAL
39315,FATOR OPERACIONAL
39315,FATOR OPERACIONAL
39315,FATOR HUMANO
39315,FATOR OPERACIONAL
39316,FATOR OPERACIONAL
39316,FATOR OPERACIONAL
39316,FATOR OPERACIONAL
39316,FATOR OPERACIONAL
39316,FATOR OPERACIONAL
39316,FATOR OPERACIONAL
39318,FATOR HUMANO
39318,FATOR OPERACIONAL
39318,FATOR OPERACIONAL
39318,FATOR HUMANO
39318,FATOR HUMANO
39318,FATOR OPERACIONAL
39318,FATOR OPERACIONAL
39318,FATOR HUMANO
39318,FATOR OPERACIONAL
39319,FATOR HUMANO
39319,FATOR HUMANO
39319,FATOR HUMANO
39319,FATOR OPERACIONAL
39319,FATOR HUMANO
39319,FATOR OPERACIONAL
39320,FATOR OPERACIONAL
39320,FATOR OPERACIONAL
39320,FATOR OPERACIONAL
39321,FATOR OPERACIONAL
39321,FATOR OPERACIONAL
39321,FATOR OPERACIONAL
39322,FATOR HUMANO
39322,FATOR HUMANO
39322,FATOR HUMANO
39322,FATOR HUMANO
39322,FATOR OPERACIONAL
39322,FATOR OPERACIONAL
39322,FATOR HUMANO
39322,FATOR HUMANO
39322,FATOR OPERACIONAL
39322,FATOR OPERACIONAL
39322,FATOR HUMANO
39322,FATOR OPERACIONAL
39385,FATOR OPERACIONAL
39385,FATOR OPERACIONAL
39405,FATOR OPERACIONAL
39405,FATOR OPERACIONAL
39405,FATOR OPERACIONAL
39487,FATOR OPERACIONAL
39507,FATOR OPERACIONAL
39507,FATOR OPERACIONAL
39527,FATOR OPERACIONAL
39527,FATOR OPERACIONAL
39527,FATOR OPERACIONAL
39527,FATOR HUMANO
39687,FATOR MATERIAL
39687,FATOR OPERACIONAL
39707,FATOR OPERACIONAL
39707,FATOR OPERACIONAL
39707,FATOR OPERACIONAL
39709,FATOR OPERACIONAL
39887,FATOR OPERACIONAL
39887,FATOR HUMANO
39887,FATOR OPERACIONAL
39913,FATOR OPERACIONAL
39913,FATOR OPERACIONAL
39913,FATOR OPERACIONAL
39916,FATOR OPERACIONAL
39916,FATOR OPERACIONAL
39916,FATOR OPERACIONAL
39916,FATOR OPERACIONAL
39930,FATOR HUMANO
39930,FATOR HUMANO
39930,FATOR HUMANO
39930,FATOR HUMANO
39933,FATOR HUMANO
39933,FATOR OPERACIONAL
39933,FATOR OPERACIONAL
39933,FATOR OPERACIONAL
39969,FATOR MATERIAL
39992,FATOR OPERACIONAL
39992,FATOR OPERACIONAL
39992,FATOR OPERACIONAL
39992,FATOR OPERACIONAL
39993,FATOR OPERACIONAL
39993,FATOR OPERACIONAL
39993,FATOR OPERACIONAL
40069,FATOR OPERACIONAL
40069,FATOR HUMANO
40069,FATOR HUMANO
40069,FATOR OPERACIONAL
40069,FATOR OPERACIONAL
40069,FATOR HUMANO
40069,FATOR HUMANO
40069,FATOR HUMANO
40069,FATOR OPERACIONAL
40069,FATOR OPERACIONAL
40069,FATOR HUMANO
40069,FATOR HUMANO
40069,FATOR HUMANO
40069,FATOR OPERACIONAL
40087,FATOR OPERACIONAL
40087,FATOR OPERACIONAL
40087,FATOR OPERACIONAL
40088,FATOR OPERACIONAL
40088,FATOR OPERACIONAL
40088,FATOR OPERACIONAL
40088,FATOR OPERACIONAL
40107,FATOR OPERACIONAL
40107,FATOR OPERACIONAL
40107,FATOR OPERACIONAL
40147,FATOR OPERACIONAL
40147,FATOR OPERACIONAL
40147,FATOR OPERACIONAL
40147,FATOR OPERACIONAL
40147,FATOR OPERACIONAL
40148,FATOR OPERACIONAL
40148,FATOR OPERACIONAL
40148,FATOR OPERACIONAL
40148,FATOR OPERACIONAL
40148,FATOR OPERACIONAL
40149,FATOR OPERACIONAL
40149,FATOR OPERACIONAL
40150,FATOR OPERACIONAL
40150,FATOR OPERACIONAL
40171,FATOR OPERACIONAL
40171,FATOR OPERACIONAL
40213,OUTRO
40214,FATOR OPERACIONAL
40214,FATOR OPERACIONAL
40214,***
40214,FATOR OPERACIONAL
40214,FATOR OPERACIONAL
40214,FATOR OPERACIONAL
40214,FATOR OPERACIONAL
40214,FATOR OPERACIONAL
40264,FATOR HUMANO
40264,FATOR HUMANO
40264,FATOR HUMANO
40264,***
40264,FATOR HUMANO
40264,FATOR OPERACIONAL
40264,FATOR OPERACIONAL
40267,FATOR OPERACIONAL
40267,FATOR HUMANO
40267,FATOR OPERACIONAL
40269,FATOR OPERACIONAL
40269,FATOR HUMANO
40269,FATOR OPERACIONAL
40271,FATOR OPERACIONAL
40271,FATOR HUMANO
40271,FATOR OPERACIONAL
40271,FATOR HUMANO
40271,FATOR OPERACIONAL
40271,FATOR HUMANO
40271,FATOR HUMANO
40271,FATOR HUMANO
40271,FATOR OPERACIONAL
40316,FATOR OPERACIONAL
40316,FATOR OPERACIONAL
40328,FATOR OPERACIONAL
40328,FATOR OPERACIONAL
40328,FATOR OPERACIONAL
40328,FATOR HUMANO
40328,FATOR OPERACIONAL
40350,FATOR OPERACIONAL
40350,OUTRO
40350,FATOR OPERACIONAL
40554,FATOR OPERACIONAL
40554,FATOR HUMANO
40554,FATOR HUMANO
40554,FATOR HUMANO
40554,FATOR HUMANO
40554,FATOR HUMANO
40554,FATOR OPERACIONAL
40554,FATOR OPERACIONAL
40554,FATOR OPERACIONAL
40554,FATOR HUMANO
40554,FATOR OPERACIONAL
40554,FATOR HUMANO
40554,FATOR OPERACIONAL
40572,FATOR HUMANO
40572,FATOR HUMANO
40572,FATOR OPERACIONAL
40572,FATOR HUMANO
40573,FATOR OPERACIONAL
40573,FATOR OPERACIONAL
40583,FATOR OPERACIONAL
40621,FATOR OPERACIONAL
40621,FATOR OPERACIONAL
40732,FATOR HUMANO
40732,FATOR OPERACIONAL
40732,FATOR HUMANO
40732,FATOR HUMANO
40732,FATOR HUMANO
40732,FATOR OPERACIONAL
40732,FATOR OPERACIONAL
40732,FATOR HUMANO
40732,FATOR HUMANO
40732,FATOR OPERACIONAL
40793,FATOR HUMANO
40793,FATOR HUMANO
40793,FATOR OPERACIONAL
40793,FATOR OPERACIONAL
40793,FATOR HUMANO
40793,FATOR HUMANO
40793,FATOR OPERACIONAL
40855,FATOR HUMANO
40855,FATOR HUMANO
40855,FATOR OPERACIONAL
40855,FATOR OPERACIONAL
40855,FATOR OPERACIONAL
40855,FATOR OPERACIONAL
40855,OUTRO
40855,FATOR OPERACIONAL
40855,FATOR HUMANO
40855,FATOR HUMANO
41053,FATOR HUMANO
41053,FATOR HUMANO
41053,FATOR HUMANO
41053,FATOR OPERACIONAL
41053,FATOR HUMANO
41053,FATOR HUMANO
41053,FATOR HUMANO
41053,FATOR HUMANO
41053,FATOR OPERACIONAL
41053,***
41053,FATOR OPERACIONAL
41053,FATOR HUMANO
41053,FATOR HUMANO
41053,OUTRO
41053,FATOR OPERACIONAL
41053,FATOR OPERACIONAL
41053,FATOR HUMANO
41053,FATOR HUMANO
41053,FATOR OPERACIONAL
41155,FATOR OPERACIONAL
41155,FATOR OPERACIONAL
41155,FATOR OPERACIONAL
41155,FATOR OPERACIONAL
41155,FATOR OPERACIONAL
41155,OUTRO
41179,FATOR OPERACIONAL
41179,FATOR OPERACIONAL
41236,FATOR HUMANO
41236,FATOR HUMANO
41236,FATOR HUMANO
41236,FATOR HUMANO
41236,FATOR OPERACIONAL
41236,FATOR HUMANO
41374,FATOR OPERACIONAL
41374,FATOR OPERACIONAL
41374,FATOR OPERACIONAL
41374,OUTRO
41374,FATOR OPERACIONAL
41374,FATOR HUMANO
41374,FATOR HUMANO
41411,FATOR OPERACIONAL
41411,FATOR OPERACIONAL
41411,FATOR OPERACIONAL
41411,FATOR OPERACIONAL
41411,FATOR OPERACIONAL
41411,FATOR OPERACIONAL
41480,FATOR OPERACIONAL
41480,FATOR OPERACIONAL
41480,FATOR OPERACIONAL
41480,FATOR OPERACIONAL
41480,FATOR OPERACIONAL
41552,FATOR OPERACIONAL
41552,FATOR OPERACIONAL
41552,FATOR OPERACIONAL
41552,OUTRO
41552,FATOR OPERACIONAL
41552,FATOR OPERACIONAL
41578,FATOR OPERACIONAL
41578,FATOR HUMANO
41578,FATOR HUMANO
41578,FATOR OPERACIONAL
41578,FATOR OPERACIONAL
41578,FATOR OPERACIONAL
41749,FATOR HUMANO
41749,FATOR HUMANO
41749,FATOR OPERACIONAL
41749,FATOR HUMANO
41749,FATOR HUMANO
41749,FATOR OPERACIONAL
41749,FATOR OPERACIONAL
41750,FATOR HUMANO
41750,FATOR HUMANO
41750,FATOR OPERACIONAL
41750,FATOR HUMANO
41750,FATOR HUMANO
41750,FATOR OPERACIONAL
41750,FATOR HUMANO
41750,FATOR OPERACIONAL
41750,FATOR HUMANO
41750,FATOR OPERACIONAL
41751,FATOR OPERACIONAL
41789,FATOR OPERACIONAL
41789,FATOR OPERACIONAL
41789,FATOR OPERACIONAL
41829,FATOR OPERACIONAL
41829,FATOR OPERACIONAL
41829,FATOR OPERACIONAL
41829,FATOR OPERACIONAL
41829,FATOR OPERACIONAL
41829,FATOR OPERACIONAL
41829,FATOR OPERACIONAL
41832,FATOR OPERACIONAL
41832,FATOR OPERACIONAL
41834,FATOR OPERACIONAL
41834,FATOR OPERACIONAL
41837,FATOR OPERACIONAL
41837,FATOR OPERACIONAL
41837,***
41837,FATOR OPERACIONAL
41850,FATOR OPERACIONAL
41898,FATOR OPERACIONAL
41898,FATOR HUMANO
41898,FATOR OPERACIONAL
41898,FATOR OPERACIONAL
41898,FATOR OPERACIONAL
41898,FATOR HUMANO
41898,FATOR HUMANO
41898,FATOR OPERACIONAL
41900,***
41900,OUTRO
41900,FATOR MATERIAL
41916,FATOR HUMANO
41916,FATOR HUMANO
41916,FATOR OPERACIONAL
41916,FATOR OPERACIONAL
41916,FATOR OPERACIONAL
41916,FATOR OPERACIONAL
41916,FATOR OPERACIONAL
41916,FATOR HUMANO
41917,FATOR OPERACIONAL
41917,***
41917,FATOR OPERACIONAL
41960,FATOR OPERACIONAL
41960,FATOR OPERACIONAL
41960,FATOR OPERACIONAL
41960,FATOR OPERACIONAL
41960,FATOR OPERACIONAL
41960,FATOR OPERACIONAL
42001,FATOR OPERACIONAL
42001,FATOR OPERACIONAL
42001,FATOR OPERACIONAL
42001,FATOR OPERACIONAL
42001,FATOR OPERACIONAL
42071,FATOR OPERACIONAL
42071,FATOR OPERACIONAL
42071,FATOR OPERACIONAL
42250,FATOR HUMANO
42250,FATOR HUMANO
42250,FATOR HUMANO
42250,FATOR HUMANO
42250,FATOR OPERACIONAL
42250,FATOR HUMANO
42250,FATOR HUMANO
42250,FATOR OPERACIONAL
42250,FATOR HUMANO
42250,FATOR OPERACIONAL
42250,FATOR OPERACIONAL
42250,FATOR OPERACIONAL
42250,FATOR HUMANO
42250,FATOR HUMANO
42250,FATOR HUMANO
42250,FATOR OPERACIONAL
42250,FATOR HUMANO
42250,FATOR HUMANO
42250,FATOR OPERACIONAL
42251,FATOR OPERACIONAL
42251,FATOR OPERACIONAL
42251,FATOR OPERACIONAL
42287,FATOR OPERACIONAL
42287,FATOR OPERACIONAL
42289,OUTRO
42386,FATOR OPERACIONAL
42386,FATOR HUMANO
42386,FATOR HUMANO
42386,FATOR HUMANO
42386,FATOR OPERACIONAL
42386,FATOR HUMANO
42387,FATOR OPERACIONAL
42387,FATOR OPERACIONAL
42387,FATOR OPERACIONAL
42387,FATOR OPERACIONAL
42387,FATOR OPERACIONAL
42388,FATOR OPERACIONAL
42388,FATOR OPERACIONAL
42388,FATOR OPERACIONAL
42427,OUTRO
42449,OUTRO
42565,FATOR OPERACIONAL
42565,OUTRO
42565,FATOR OPERACIONAL
42718,FATOR OPERACIONAL
42718,FATOR OPERACIONAL
42723,FATOR OPERACIONAL
42723,FATOR OPERACIONAL
42723,FATOR OPERACIONAL
42723,FATOR OPERACIONAL
42757,OUTRO
42758,FATOR OPERACIONAL
42758,FATOR OPERACIONAL
42758,FATOR HUMANO
42758,FATOR OPERACIONAL
42758,FATOR OPERACIONAL
42758,FATOR HUMANO
42760,FATOR OPERACIONAL
42880,FATOR OPERACIONAL
42880,FATOR OPERACIONAL
42919,FATOR OPERACIONAL
42919,FATOR OPERACIONAL
42921,FATOR HUMANO
42921,FATOR HUMANO
42921,FATOR HUMANO
42921,FATOR OPERACIONAL
42921,FATOR HUMANO
42921,FATOR HUMANO
42921,FATOR OPERACIONAL
42921,FATOR HUMANO
42921,FATOR HUMANO
42921,FATOR HUMANO
42921,FATOR OPERACIONAL
42921,FATOR HUMANO
42921,FATOR HUMANO
42921,FATOR HUMANO
42921,FATOR OPERACIONAL
42921,FATOR HUMANO
42921,FATOR HUMANO
42921,FATOR HUMANO
42921,FATOR OPERACIONAL
42983,FATOR OPERACIONAL
42983,FATOR HUMANO
42983,FATOR OPERACIONAL
42983,FATOR OPERACIONAL
42983,FATOR OPERACIONAL
42983,FATOR OPERACIONAL
42997,FATOR OPERACIONAL
42997,FATOR OPERACIONAL
42999,FATOR HUMANO
42999,FATOR OPERACIONAL
42999,FATOR OPERACIONAL
42999,FATOR OPERACIONAL
42999,FATOR HUMANO
42999,FATOR OPERACIONAL
43021,FATOR OPERACIONAL
43027,FATOR OPERACIONAL
43027,FATOR HUMANO
43027,FATOR OPERACIONAL
43042,FATOR OPERACIONAL
43062,FATOR OPERACIONAL
43062,FATOR OPERACIONAL
43062,FATOR OPERACIONAL
43062,FATOR OPERACIONAL
43062,FATOR OPERACIONAL
43062,FATOR OPERACIONAL
43062,FATOR OPERACIONAL
43063,FATOR OPERACIONAL
43063,FATOR HUMANO
43063,FATOR OPERACIONAL
43063,FATOR OPERACIONAL
43063,OUTRO
43063,FATOR OPERACIONAL
43063,FATOR OPERACIONAL
43070,FATOR HUMANO
43256,FATOR HUMANO
43256,FATOR HUMANO
43256,FATOR OPERACIONAL
43256,FATOR OPERACIONAL
43256,FATOR OPERACIONAL
43256,FATOR OPERACIONAL
43256,FATOR HUMANO
43256,FATOR HUMANO
43256,FATOR OPERACIONAL
43256,FATOR OPERACIONAL
43256,FATOR HUMANO
43256,FATOR HUMANO
43256,FATOR OPERACIONAL
43262,FATOR OPERACIONAL
43262,FATOR OPERACIONAL
43262,FATOR OPERACIONAL
43282,FATOR OPERACIONAL
43282,FATOR OPERACIONAL
43282,FATOR OPERACIONAL
43282,FATOR OPERACIONAL
43294,FATOR OPERACIONAL
43294,FATOR OPERACIONAL
43361,FATOR OPERACIONAL
43361,FATOR OPERACIONAL
43389,FATOR HUMANO
43389,FATOR OPERACIONAL
43389,FATOR OPERACIONAL
43389,FATOR HUMANO
43389,FATOR OPERACIONAL
43389,FATOR HUMANO
43389,FATOR OPERACIONAL
43390,FATOR HUMANO
43390,FATOR HUMANO
43390,FATOR HUMANO
43390,FATOR OPERACIONAL
43390,FATOR OPERACIONAL
43390,FATOR OPERACIONAL
43390,FATOR HUMANO
43390,FATOR OPERACIONAL
43390,FATOR OPERACIONAL
43390,FATOR OPERACIONAL
43390,FATOR OPERACIONAL
43393,FATOR OPERACIONAL
43393,FATOR OPERACIONAL
43404,FATOR OPERACIONAL
43404,FATOR HUMANO
43404,FATOR HUMANO
43404,FATOR HUMANO
43404,FATOR HUMANO
43404,FATOR HUMANO
43404,FATOR HUMANO
43404,FATOR OPERACIONAL
43404,FATOR OPERACIONAL
43404,FATOR OPERACIONAL
43404,FATOR HUMANO
43404,FATOR HUMANO
43404,FATOR OPERACIONAL
43446,FATOR OPERACIONAL
43446,FATOR OPERACIONAL
43449,FATOR OPERACIONAL
43449,FATOR OPERACIONAL
43449,FATOR OPERACIONAL
43449,FATOR OPERACIONAL
43449,FATOR OPERACIONAL
43450,FATOR OPERACIONAL
43450,FATOR OPERACIONAL
43450,FATOR OPERACIONAL
43450,FATOR OPERACIONAL
43454,FATOR HUMANO
43454,FATOR HUMANO
43454,FATOR HUMANO
43454,FATOR HUMANO
43454,FATOR OPERACIONAL
43454,FATOR OPERACIONAL
43454,FATOR HUMANO
43454,FATOR OPERACIONAL
43454,FATOR OPERACIONAL
43454,FATOR OPERACIONAL
43454,FATOR HUMANO
43454,FATOR HUMANO
43454,FATOR HUMANO
43454,FATOR HUMANO
43454,FATOR HUMANO
43454,FATOR OPERACIONAL
43455,FATOR OPERACIONAL
43455,FATOR OPERACIONAL
43455,FATOR OPERACIONAL
43458,FATOR OPERACIONAL
43458,FATOR OPERACIONAL
43458,FATOR OPERACIONAL
43459,FATOR OPERACIONAL
43459,FATOR OPERACIONAL
43463,FATOR HUMANO
43463,FATOR OPERACIONAL
43463,FATOR OPERACIONAL
43463,FATOR HUMANO
43463,FATOR OPERACIONAL
43471,FATOR HUMANO
43471,FATOR HUMANO
43471,FATOR HUMANO
43471,FATOR HUMANO
43471,FATOR OPERACIONAL
43471,FATOR OPERACIONAL
43471,FATOR HUMANO
43471,FATOR OPERACIONAL
43471,OUTRO
43471,FATOR HUMANO
43471,FATOR OPERACIONAL
43472,FATOR OPERACIONAL
43472,FATOR OPERACIONAL
43472,FATOR OPERACIONAL
43472,FATOR OPERACIONAL
43628,FATOR OPERACIONAL
43628,FATOR OPERACIONAL
43657,FATOR OPERACIONAL
43657,FATOR OPERACIONAL
43657,FATOR OPERACIONAL
43658,FATOR OPERACIONAL
43658,FATOR HUMANO
43658,FATOR HUMANO
43658,FATOR HUMANO
43658,FATOR HUMANO
43658,FATOR HUMANO
43658,FATOR HUMANO
43658,FATOR HUMANO
43658,FATOR HUMANO
43658,FATOR OPERACIONAL
43702,FATOR OPERACIONAL
43702,FATOR HUMANO
43702,FATOR MATERIAL
43702,FATOR OPERACIONAL
43702,FATOR HUMANO
43702,FATOR HUMANO
43702,FATOR OPERACIONAL
43702,FATOR HUMANO
43703,FATOR OPERACIONAL
43703,FATOR OPERACIONAL
43703,FATOR OPERACIONAL
43704,FATOR HUMANO
43704,FATOR HUMANO
43704,FATOR OPERACIONAL
43704,FATOR HUMANO
43704,FATOR HUMANO
43704,FATOR HUMANO
43704,FATOR OPERACIONAL
43705,FATOR HUMANO
43705,FATOR OPERACIONAL
43705,FATOR OPERACIONAL
43705,FATOR HUMANO
43705,FATOR HUMANO
43705,FATOR HUMANO
43705,FATOR OPERACIONAL
43706,FATOR OPERACIONAL
43719,FATOR OPERACIONAL
43719,FATOR HUMANO
43719,FATOR OPERACIONAL
43719,FATOR OPERACIONAL
43719,FATOR HUMANO
43719,FATOR HUMANO
43719,FATOR HUMANO
43719,FATOR OPERACIONAL
43719,FATOR OPERACIONAL
43719,FATOR OPERACIONAL
43719,FATOR HUMANO
43719,FATOR OPERACIONAL
43719,FATOR OPERACIONAL
43719,FATOR HUMANO
43719,FATOR OPERACIONAL
43721,FATOR OPERACIONAL
43724,FATOR OPERACIONAL
43725,FATOR OPERACIONAL
43725,FATOR OPERACIONAL
43725,FATOR OPERACIONAL
43726,FATOR OPERACIONAL
43726,FATOR OPERACIONAL
43726,FATOR OPERACIONAL
43726,FATOR OPERACIONAL
43726,FATOR OPERACIONAL
43726,FATOR OPERACIONAL
43731,FATOR OPERACIONAL
43731,FATOR OPERACIONAL
43732,FATOR OPERACIONAL
43732,FATOR OPERACIONAL
43732,FATOR OPERACIONAL
43774,FATOR OPERACIONAL
43776,FATOR OPERACIONAL
43776,FATOR OPERACIONAL
43776,FATOR OPERACIONAL
43778,FATOR OPERACIONAL
43778,FATOR OPERACIONAL
43808,FATOR HUMANO
43808,FATOR OPERACIONAL
43808,FATOR OPERACIONAL
43808,FATOR OPERACIONAL
43808,FATOR HUMANO
43809,FATOR OPERACIONAL
43809,FATOR OPERACIONAL
43809,FATOR OPERACIONAL
43809,FATOR OPERACIONAL
43809,FATOR HUMANO
43809,FATOR OPERACIONAL
43870,FATOR OPERACIONAL
43870,FATOR OPERACIONAL
43899,FATOR HUMANO
43899,FATOR OPERACIONAL
43899,FATOR HUMANO
43901,FATOR OPERACIONAL
43901,FATOR OPERACIONAL
43901,FATOR OPERACIONAL
43901,FATOR OPERACIONAL
43906,FATOR OPERACIONAL
43906,FATOR OPERACIONAL
43906,FATOR OPERACIONAL
43908,FATOR OPERACIONAL
43908,FATOR OPERACIONAL
43908,FATOR OPERACIONAL
43908,FATOR OPERACIONAL
43909,FATOR OPERACIONAL
43909,FATOR OPERACIONAL
43909,FATOR OPERACIONAL
43910,FATOR OPERACIONAL
43910,FATOR OPERACIONAL
43977,FATOR OPERACIONAL
43977,FATOR OPERACIONAL
43978,FATOR HUMANO
43984,FATOR HUMANO
43984,FATOR OPERACIONAL
43984,FATOR OPERACIONAL
43988,FATOR OPERACIONAL
43988,FATOR OPERACIONAL
43989,FATOR HUMANO
43989,FATOR HUMANO
43989,FATOR OPERACIONAL
43989,FATOR HUMANO
43989,FATOR OPERACIONAL
43989,FATOR OPERACIONAL
43989,FATOR HUMANO
43989,FATOR HUMANO
43989,FATOR HUMANO
43989,FATOR HUMANO
43992,FATOR OPERACIONAL
43992,FATOR OPERACIONAL
43992,FATOR OPERACIONAL
43992,FATOR OPERACIONAL
43992,FATOR OPERACIONAL
43998,FATOR OPERACIONAL
44001,FATOR OPERACIONAL
44003,FATOR OPERACIONAL
44003,FATOR OPERACIONAL
44003,FATOR OPERACIONAL
44003,FATOR HUMANO
44078,FATOR OPERACIONAL
44078,FATOR OPERACIONAL
44079,FATOR OPERACIONAL
44079,FATOR OPERACIONAL
44079,FATOR OPERACIONAL
44081,FATOR HUMANO
44081,FATOR HUMANO
44081,FATOR HUMANO
44081,FATOR HUMANO
44081,FATOR OPERACIONAL
44081,FATOR OPERACIONAL
44081,FATOR HUMANO
44081,FATOR OPERACIONAL
44118,FATOR OPERACIONAL
44118,FATOR OPERACIONAL
44118,FATOR OPERACIONAL
44118,FATOR OPERACIONAL
44118,OUTRO
44118,FATOR OPERACIONAL
44118,FATOR OPERACIONAL
44118,FATOR OPERACIONAL
44140,FATOR OPERACIONAL
44140,FATOR OPERACIONAL
44140,FATOR OPERACIONAL
44140,FATOR OPERACIONAL
44188,FATOR HUMANO
44188,FATOR HUMANO
44188,FATOR OPERACIONAL
44188,FATOR HUMANO
44188,FATOR HUMANO
44188,FATOR HUMANO
44244,FATOR OPERACIONAL
44244,OUTRO
44248,FATOR HUMANO
44248,FATOR OPERACIONAL
44248,FATOR OPERACIONAL
44248,FATOR OPERACIONAL
44316,FATOR OPERACIONAL
44316,FATOR HUMANO
44316,FATOR HUMANO
44316,FATOR HUMANO
44336,FATOR OPERACIONAL
44336,FATOR OPERACIONAL
44336,FATOR OPERACIONAL
44336,FATOR OPERACIONAL
44339,FATOR OPERACIONAL
44339,FATOR OPERACIONAL
44339,FATOR OPERACIONAL
44377,FATOR OPERACIONAL
44377,FATOR OPERACIONAL
44377,FATOR OPERACIONAL
44377,FATOR OPERACIONAL
44377,FATOR OPERACIONAL
44399,FATOR OPERACIONAL
44399,FATOR OPERACIONAL
44399,FATOR OPERACIONAL
44399,FATOR OPERACIONAL
44402,FATOR OPERACIONAL
44404,FATOR OPERACIONAL
44404,FATOR OPERACIONAL
44404,FATOR HUMANO
44404,FATOR OPERACIONAL
44436,FATOR OPERACIONAL
44436,FATOR HUMANO
44436,FATOR HUMANO
44436,FATOR HUMANO
44436,FATOR OPERACIONAL
44436,FATOR OPERACIONAL
44436,FATOR HUMANO
44436,FATOR OPERACIONAL
44436,FATOR HUMANO
44437,FATOR OPERACIONAL
44437,FATOR OPERACIONAL
44437,FATOR OPERACIONAL
44437,FATOR OPERACIONAL
44458,FATOR OPERACIONAL
44458,FATOR OPERACIONAL
44463,FATOR OPERACIONAL
44463,FATOR OPERACIONAL
44463,FATOR OPERACIONAL
44464,FATOR OPERACIONAL
44464,FATOR OPERACIONAL
44464,FATOR OPERACIONAL
44464,FATOR OPERACIONAL
44484,FATOR OPERACIONAL
44484,FATOR HUMANO
44484,FATOR HUMANO
44484,FATOR HUMANO
44484,FATOR HUMANO
44484,FATOR HUMANO
44484,FATOR OPERACIONAL
44484,FATOR OPERACIONAL
44484,FATOR OPERACIONAL
44484,FATOR HUMANO
44484,FATOR HUMANO
44484,OUTRO
44484,FATOR HUMANO
44484,FATOR HUMANO
44484,FATOR OPERACIONAL
44528,FATOR HUMANO
44528,FATOR OPERACIONAL
44528,FATOR OPERACIONAL
44528,FATOR HUMANO
44528,FATOR OPERACIONAL
44528,FATOR OPERACIONAL
44528,FATOR HUMANO
44538,FATOR OPERACIONAL
44538,FATOR OPERACIONAL
44538,FATOR OPERACIONAL
44539,FATOR OPERACIONAL
44539,FATOR OPERACIONAL
44539,FATOR OPERACIONAL
44541,FATOR OPERACIONAL
44541,FATOR HUMANO
44541,FATOR HUMANO
44545,FATOR OPERACIONAL
44545,FATOR HUMANO
44545,FATOR HUMANO
44545,FATOR OPERACIONAL
44545,FATOR OPERACIONAL
44545,FATOR OPERACIONAL
44545,FATOR HUMANO
44545,FATOR HUMANO
44549,FATOR HUMANO
44549,FATOR OPERACIONAL
44549,FATOR OPERACIONAL
44549,FATOR OPERACIONAL
44549,FATOR HUMANO
44549,FATOR OPERACIONAL
44553,FATOR OPERACIONAL
44553,FATOR OPERACIONAL
44553,FATOR OPERACIONAL
44577,FATOR OPERACIONAL
44577,FATOR HUMANO
44577,FATOR HUMANO
44577,FATOR OPERACIONAL
44577,FATOR HUMANO
44577,FATOR OPERACIONAL
44577,FATOR HUMANO
44577,FATOR HUMANO
44577,FATOR HUMANO
44577,FATOR HUMANO
44577,FATOR OPERACIONAL
44579,FATOR OPERACIONAL
44579,FATOR HUMANO
44579,FATOR HUMANO
44579,FATOR OPERACIONAL
44579,FATOR HUMANO
44579,FATOR HUMANO
44579,FATOR OPERACIONAL
44597,FATOR OPERACIONAL
44597,FATOR OPERACIONAL
44597,FATOR OPERACIONAL
44611,FATOR OPERACIONAL
44611,FATOR OPERACIONAL
44611,FATOR OPERACIONAL
44647,***
44649,FATOR OPERACIONAL
44649,FATOR OPERACIONAL
44652,FATOR OPERACIONAL
44652,FATOR HUMANO
44652,FATOR OPERACIONAL
44652,FATOR OPERACIONAL
44652,FATOR OPERACIONAL
44652,FATOR OPERACIONAL
44656,FATOR OPERACIONAL
44656,FATOR OPERACIONAL
44656,FATOR OPERACIONAL
44656,FATOR OPERACIONAL
44660,FATOR HUMANO
44660,FATOR HUMANO
44660,FATOR HUMANO
44660,FATOR OPERACIONAL
44660,FATOR HUMANO
44660,FATOR HUMANO
44660,FATOR OPERACIONAL
44660,FATOR OPERACIONAL
44660,FATOR HUMANO
44660,OUTRO
44660,FATOR HUMANO
44660,FATOR OPERACIONAL
44660,FATOR OPERACIONAL
44660,FATOR HUMANO
44660,FATOR HUMANO
44660,FATOR HUMANO
44660,FATOR HUMANO
44660,FATOR OPERACIONAL
44661,FATOR OPERACIONAL
44661,FATOR HUMANO
44661,FATOR OPERACIONAL
44661,FATOR OPERACIONAL
44661,OUTRO
44775,FATOR HUMANO
44775,FATOR OPERACIONAL
44775,FATOR HUMANO
44775,FATOR HUMANO
44775,FATOR OPERACIONAL
44775,FATOR HUMANO
44775,FATOR OPERACIONAL
44775,FATOR HUMANO
44775,FATOR OPERACIONAL
44796,FATOR HUMANO
44796,FATOR OPERACIONAL
44796,FATOR HUMANO
44796,FATOR HUMANO
44796,FATOR OPERACIONAL
44796,FATOR HUMANO
44796,FATOR HUMANO
44796,FATOR HUMANO
44796,FATOR OPERACIONAL
44796,FATOR HUMANO
44796,FATOR MATERIAL
44796,FATOR HUMANO
44796,FATOR OPERACIONAL
44796,FATOR OPERACIONAL
44796,FATOR HUMANO
44796,FATOR MATERIAL
44796,FATOR HUMANO
44796,FATOR OPERACIONAL
44817,FATOR OPERACIONAL
44817,FATOR OPERACIONAL
44817,FATOR OPERACIONAL
44817,FATOR OPERACIONAL
44817,FATOR OPERACIONAL
44817,FATOR OPERACIONAL
44817,FATOR OPERACIONAL
44837,FATOR OPERACIONAL
44837,FATOR OPERACIONAL
44838,FATOR OPERACIONAL
44838,FATOR OPERACIONAL
44838,OUTRO
44838,FATOR OPERACIONAL
44853,FATOR OPERACIONAL
44853,FATOR HUMANO
44853,FATOR HUMANO
44853,FATOR OPERACIONAL
44853,FATOR HUMANO
44853,FATOR HUMANO
44853,FATOR OPERACIONAL
44855,FATOR HUMANO
44855,FATOR HUMANO
44855,FATOR OPERACIONAL
44855,FATOR HUMANO
44855,FATOR HUMANO
44855,FATOR HUMANO
44855,FATOR OPERACIONAL
44855,FATOR HUMANO
44855,FATOR HUMANO
44879,FATOR OPERACIONAL
44879,FATOR OPERACIONAL
44881,FATOR OPERACIONAL
44881,FATOR HUMANO
44881,FATOR OPERACIONAL
44881,FATOR HUMANO
44881,OUTRO
44881,FATOR OPERACIONAL
44885,FATOR OPERACIONAL
44885,FATOR OPERACIONAL
44885,FATOR OPERACIONAL
44885,FATOR OPERACIONAL
44885,FATOR MATERIAL
44887,FATOR OPERACIONAL
44888,FATOR OPERACIONAL
44888,FATOR HUMANO
44926,FATOR OPERACIONAL
44944,FATOR HUMANO
44944,FATOR OPERACIONAL
44944,FATOR OPERACIONAL
44944,FATOR HUMANO
44966,FATOR HUMANO
44966,FATOR HUMANO
44966,FATOR HUMANO
44966,FATOR OPERACIONAL
44966,FATOR HUMANO
44966,FATOR HUMANO
44967,FATOR OPERACIONAL
44967,FATOR OPERACIONAL
44967,FATOR OPERACIONAL
44967,FATOR HUMANO
44967,FATOR OPERACIONAL
44968,FATOR OPERACIONAL
44968,FATOR HUMANO
44968,FATOR OPERACIONAL
44968,FATOR OPERACIONAL
44968,FATOR OPERACIONAL
44969,FATOR OPERACIONAL
44969,FATOR OPERACIONAL
44969,FATOR OPERACIONAL
44969,FATOR OPERACIONAL
44977,FATOR OPERACIONAL
44977,FATOR OPERACIONAL
44986,FATOR MATERIAL
44986,FATOR MATERIAL
44988,FATOR OPERACIONAL
44988,FATOR OPERACIONAL
44988,OUTRO
44988,FATOR OPERACIONAL
44993,FATOR OPERACIONAL
44993,FATOR OPERACIONAL
44996,FATOR OPERACIONAL
44996,OUTRO
44996,FATOR OPERACIONAL
45025,FATOR OPERACIONAL
45025,FATOR OPERACIONAL
45025,FATOR OPERACIONAL
45048,FATOR OPERACIONAL
45048,FATOR OPERACIONAL
45048,FATOR OPERACIONAL
45048,FATOR OPERACIONAL
45049,FATOR OPERACIONAL
45049,FATOR OPERACIONAL
45050,FATOR OPERACIONAL
45052,FATOR OPERACIONAL
45052,FATOR OPERACIONAL
45052,OUTRO
45052,FATOR OPERACIONAL
45053,FATOR OPERACIONAL
45053,FATOR HUMANO
45053,FATOR HUMANO
45053,FATOR OPERACIONAL
45053,FATOR HUMANO
45053,FATOR OPERACIONAL
45053,FATOR OPERACIONAL
45053,FATOR HUMANO
45053,FATOR OPERACIONAL
45054,FATOR OPERACIONAL
45054,FATOR OPERACIONAL
45055,FATOR HUMANO
45055,FATOR OPERACIONAL
45055,FATOR OPERACIONAL
45055,FATOR HUMANO
45055,OUTRO
45055,FATOR HUMANO
45056,FATOR OPERACIONAL
45056,FATOR OPERACIONAL
45056,FATOR HUMANO
45056,FATOR HUMANO
45056,FATOR OPERACIONAL
45056,FATOR HUMANO
45058,FATOR OPERACIONAL
45058,FATOR OPERACIONAL
45058,FATOR OPERACIONAL
45058,FATOR OPERACIONAL
45060,FATOR OPERACIONAL
45060,FATOR OPERACIONAL
45060,FATOR OPERACIONAL
45060,FATOR HUMANO
45061,FATOR HUMANO
45061,FATOR OPERACIONAL
45061,FATOR OPERACIONAL
45061,FATOR HUMANO
45062,***
45065,FATOR OPERACIONAL
45065,FATOR OPERACIONAL
45065,FATOR HUMANO
45070,FATOR OPERACIONAL
45070,FATOR OPERACIONAL
45070,FATOR OPERACIONAL
45071,FATOR OPERACIONAL
45072,FATOR OPERACIONAL
45072,FATOR OPERACIONAL
45087,FATOR HUMANO
45087,FATOR HUMANO
45087,FATOR HUMANO
45087,FATOR HUMANO
45087,FATOR OPERACIONAL
45087,OUTRO
45087,FATOR HUMANO
45087,FATOR OPERACIONAL
45087,FATOR OPERACIONAL
45088,FATOR OPERACIONAL
45088,FATOR HUMANO
45088,FATOR HUMANO
45088,FATOR OPERACIONAL
45088,FATOR HUMANO
45088,FATOR OPERACIONAL
45088,FATOR OPERACIONAL
45088,FATOR HUMANO
45088,FATOR OPERACIONAL
45088,FATOR HUMANO
45089,FATOR OPERACIONAL
45089,FATOR OPERACIONAL
45090,FATOR OPERACIONAL
45090,FATOR HUMANO
45090,FATOR OPERACIONAL
45090,FATOR HUMANO
45090,FATOR OPERACIONAL
45096,FATOR OPERACIONAL
45098,FATOR OPERACIONAL
45098,FATOR OPERACIONAL
45100,FATOR OPERACIONAL
45100,FATOR OPERACIONAL
45100,FATOR HUMANO
45100,FATOR OPERACIONAL
45102,FATOR OPERACIONAL
45102,FATOR HUMANO
45102,FATOR OPERACIONAL
45102,FATOR OPERACIONAL
45127,FATOR HUMANO
45127,FATOR HUMANO
45151,FATOR HUMANO
45151,FATOR OPERACIONAL
45151,FATOR OPERACIONAL
45151,FATOR HUMANO
45151,FATOR OPERACIONAL
45151,FATOR HUMANO
45151,FATOR OPERACIONAL
45153,FATOR OPERACIONAL
45153,FATOR OPERACIONAL
45153,FATOR OPERACIONAL
45153,FATOR OPERACIONAL
45153,FATOR OPERACIONAL
45153,FATOR OPERACIONAL
45153,FATOR OPERACIONAL
45153,FATOR OPERACIONAL
45187,FATOR OPERACIONAL
45187,FATOR OPERACIONAL
45187,FATOR OPERACIONAL
45187,FATOR OPERACIONAL
45187,FATOR OPERACIONAL
45188,FATOR OPERACIONAL
45188,FATOR HUMANO
45188,FATOR HUMANO
45188,FATOR HUMANO
45188,FATOR OPERACIONAL
45188,FATOR OPERACIONAL
45188,FATOR HUMANO
45188,FATOR OPERACIONAL
45212,FATOR OPERACIONAL
45212,OUTRO
45213,FATOR HUMANO
45213,FATOR HUMANO
45213,FATOR OPERACIONAL
45215,FATOR OPERACIONAL
45215,FATOR OPERACIONAL
45215,FATOR OPERACIONAL
45215,FATOR OPERACIONAL
45222,FATOR OPERACIONAL
45222,FATOR OPERACIONAL
45222,FATOR HUMANO
45228,FATOR OPERACIONAL
45228,FATOR OPERACIONAL
45237,FATOR OPERACIONAL
45237,FATOR OPERACIONAL
45237,FATOR OPERACIONAL
45250,FATOR HUMANO
45250,FATOR OPERACIONAL
45250,FATOR OPERACIONAL
45250,FATOR HUMANO
45250,FATOR OPERACIONAL
45250,FATOR OPERACIONAL
45250,FATOR HUMANO
45251,FATOR HUMANO
45251,FATOR HUMANO
45251,FATOR HUMANO
45251,FATOR HUMANO
45251,FATOR HUMANO
45251,FATOR OPERACIONAL
45251,FATOR HUMANO
45251,FATOR OPERACIONAL
45251,FATOR HUMANO
45251,FATOR OPERACIONAL
45252,FATOR OPERACIONAL
45252,FATOR OPERACIONAL
45252,FATOR OPERACIONAL
45252,FATOR OPERACIONAL
45252,FATOR OPERACIONAL
45268,FATOR OPERACIONAL
45268,FATOR HUMANO
45270,FATOR OPERACIONAL
45270,FATOR OPERACIONAL
45272,FATOR OPERACIONAL
45272,FATOR OPERACIONAL
45272,FATOR OPERACIONAL
45272,FATOR OPERACIONAL
45273,FATOR OPERACIONAL
45273,FATOR OPERACIONAL
45273,FATOR OPERACIONAL
45273,FATOR OPERACIONAL
45273,FATOR OPERACIONAL
45274,FATOR OPERACIONAL
45274,FATOR OPERACIONAL
45274,FATOR OPERACIONAL
45274,FATOR OPERACIONAL
45277,FATOR OPERACIONAL
45277,FATOR OPERACIONAL
45279,FATOR HUMANO
45279,FATOR OPERACIONAL
45279,FATOR HUMANO
45279,FATOR OPERACIONAL
45280,FATOR OPERACIONAL
45280,FATOR OPERACIONAL
45280,FATOR OPERACIONAL
45282,FATOR OPERACIONAL
45282,FATOR HUMANO
45282,FATOR OPERACIONAL
45282,FATOR HUMANO
45282,FATOR OPERACIONAL
45282,FATOR HUMANO
45282,FATOR OPERACIONAL
45284,FATOR OPERACIONAL
45284,FATOR OPERACIONAL
45284,FATOR OPERACIONAL
45286,FATOR OPERACIONAL
45286,FATOR OPERACIONAL
45286,FATOR OPERACIONAL
45286,FATOR OPERACIONAL
45288,FATOR OPERACIONAL
45288,FATOR OPERACIONAL
45292,FATOR OPERACIONAL
45292,FATOR OPERACIONAL
45307,FATOR HUMANO
45307,FATOR OPERACIONAL
45307,FATOR OPERACIONAL
45307,FATOR HUMANO
45307,FATOR OPERACIONAL
45331,FATOR OPERACIONAL
45331,FATOR HUMANO
45331,FATOR HUMANO
45331,FATOR HUMANO
45331,FATOR HUMANO
45331,FATOR OPERACIONAL
45331,FATOR HUMANO
45331,FATOR HUMANO
45331,FATOR OPERACIONAL
45331,FATOR HUMANO
45331,FATOR OPERACIONAL
45331,FATOR HUMANO
45331,FATOR HUMANO
45331,FATOR HUMANO
45331,FATOR OPERACIONAL
45390,FATOR OPERACIONAL
45390,FATOR OPERACIONAL
45392,FATOR OPERACIONAL
45392,FATOR OPERACIONAL
45392,FATOR OPERACIONAL
45392,FATOR OPERACIONAL
45393,FATOR OPERACIONAL
45393,FATOR OPERACIONAL
45393,FATOR OPERACIONAL
45393,FATOR OPERACIONAL
45396,FATOR OPERACIONAL
45396,FATOR OPERACIONAL
45396,FATOR OPERACIONAL
45396,FATOR OPERACIONAL
45397,***
45397,FATOR OPERACIONAL
45397,FATOR MATERIAL
45399,FATOR OPERACIONAL
45400,FATOR OPERACIONAL
45400,FATOR OPERACIONAL
45403,FATOR OPERACIONAL
45403,FATOR OPERACIONAL
45412,FATOR OPERACIONAL
45412,FATOR HUMANO
45412,FATOR HUMANO
45412,FATOR OPERACIONAL
45412,FATOR OPERACIONAL
45412,FATOR HUMANO
45412,FATOR HUMANO
45412,FATOR HUMANO
45412,FATOR HUMANO
45412,FATOR OPERACIONAL
45466,FATOR HUMANO
45466,FATOR OPERACIONAL
45466,OUTRO
45487,FATOR HUMANO
45487,FATOR HUMANO
45487,FATOR HUMANO
45487,FATOR HUMANO
45487,FATOR OPERACIONAL
45487,FATOR OPERACIONAL
45487,FATOR OPERACIONAL
45487,FATOR OPERACIONAL
45487,FATOR HUMANO
45487,FATOR OPERACIONAL
45487,FATOR OPERACIONAL
45490,FATOR HUMANO
45490,FATOR HUMANO
45490,FATOR OPERACIONAL
45490,FATOR HUMANO
45490,FATOR HUMANO
45490,FATOR OPERACIONAL
45490,FATOR OPERACIONAL
45490,FATOR HUMANO
45523,FATOR OPERACIONAL
45523,FATOR OPERACIONAL
45523,FATOR OPERACIONAL
45523,FATOR OPERACIONAL
45524,FATOR OPERACIONAL
45524,FATOR OPERACIONAL
45525,FATOR OPERACIONAL
45525,FATOR HUMANO
45526,FATOR HUMANO
45526,***
45526,FATOR OPERACIONAL
45526,FATOR OPERACIONAL
45528,FATOR HUMANO
45528,FATOR HUMANO
45528,FATOR HUMANO
45528,FATOR OPERACIONAL
45528,FATOR HUMANO
45528,FATOR OPERACIONAL
45528,FATOR OPERACIONAL
45528,FATOR HUMANO
45528,FATOR HUMANO
45528,FATOR OPERACIONAL
45528,FATOR HUMANO
45553,FATOR OPERACIONAL
45553,FATOR HUMANO
45553,FATOR HUMANO
45553,FATOR OPERACIONAL
45553,FATOR OPERACIONAL
45553,FATOR HUMANO
45553,FATOR OPERACIONAL
45553,FATOR OPERACIONAL
45553,FATOR OPERACIONAL
45553,FATOR HUMANO
45553,FATOR HUMANO
45553,FATOR HUMANO
45554,FATOR OPERACIONAL
45554,FATOR OPERACIONAL
45554,FATOR OPERACIONAL
45554,FATOR OPERACIONAL
45554,FATOR OPERACIONAL
45554,OUTRO
45564,FATOR OPERACIONAL
45564,FATOR OPERACIONAL
45564,FATOR OPERACIONAL
45570,FATOR OPERACIONAL
45570,FATOR OPERACIONAL
45571,FATOR HUMANO
45571,FATOR HUMANO
45571,FATOR OPERACIONAL
45571,FATOR OPERACIONAL
45571,FATOR OPERACIONAL
45571,FATOR HUMANO
45571,FATOR OPERACIONAL
45573,FATOR HUMANO
45573,FATOR OPERACIONAL
45573,FATOR HUMANO
45573,FATOR HUMANO
45573,FATOR OPERACIONAL
45573,FATOR HUMANO
45573,FATOR HUMANO
45573,OUTRO
45573,FATOR HUMANO
45573,FATOR OPERACIONAL
45576,FATOR OPERACIONAL
45576,FATOR HUMANO
45576,FATOR OPERACIONAL
45576,FATOR HUMANO
45579,FATOR OPERACIONAL
45579,FATOR OPERACIONAL
45579,FATOR OPERACIONAL
45579,FATOR HUMANO
45580,FATOR OPERACIONAL
45580,FATOR OPERACIONAL
45580,FATOR HUMANO
45584,FATOR OPERACIONAL
45585,FATOR OPERACIONAL
45585,FATOR HUMANO
45585,FATOR OPERACIONAL
45585,FATOR OPERACIONAL
45585,***
45585,FATOR HUMANO
45585,FATOR OPERACIONAL
45587,FATOR OPERACIONAL
45587,FATOR OPERACIONAL
45587,FATOR OPERACIONAL
45588,FATOR OPERACIONAL
45596,FATOR HUMANO
45596,FATOR OPERACIONAL
45596,FATOR OPERACIONAL
45596,FATOR OPERACIONAL
45596,FATOR OPERACIONAL
45596,FATOR OPERACIONAL
45596,FATOR OPERACIONAL
45597,FATOR OPERACIONAL
45597,FATOR OPERACIONAL
45597,FATOR OPERACIONAL
45597,FATOR OPERACIONAL
45597,FATOR OPERACIONAL
45599,FATOR OPERACIONAL
45599,FATOR OPERACIONAL
45618,FATOR OPERACIONAL
45618,FATOR OPERACIONAL
45618,FATOR OPERACIONAL
45731,FATOR OPERACIONAL
45734,FATOR OPERACIONAL
45747,FATOR OPERACIONAL
45747,FATOR OPERACIONAL
45748,FATOR OPERACIONAL
45749,FATOR OPERACIONAL
45751,FATOR OPERACIONAL
45751,OUTRO
45752,FATOR OPERACIONAL
45752,FATOR OPERACIONAL
45752,FATOR OPERACIONAL
45752,FATOR OPERACIONAL
45753,FATOR OPERACIONAL
45755,FATOR OPERACIONAL
45755,FATOR OPERACIONAL
45755,FATOR OPERACIONAL
45756,FATOR HUMANO
45756,FATOR OPERACIONAL
45756,FATOR OPERACIONAL
45756,FATOR OPERACIONAL
45756,FATOR HUMANO
45756,FATOR OPERACIONAL
45757,FATOR OPERACIONAL
45757,FATOR OPERACIONAL
45757,OUTRO
45757,FATOR OPERACIONAL
45759,FATOR HUMANO
45759,FATOR HUMANO
45759,FATOR OPERACIONAL
45759,FATOR OPERACIONAL
45759,FATOR HUMANO
45759,FATOR MATERIAL
45759,FATOR OPERACIONAL
45759,FATOR OPERACIONAL
45759,FATOR OPERACIONAL
45759,FATOR HUMANO
45759,FATOR OPERACIONAL
45759,FATOR OPERACIONAL
45759,FATOR HUMANO
45785,FATOR OPERACIONAL
45785,FATOR MATERIAL
45799,FATOR OPERACIONAL
45799,FATOR OPERACIONAL
45819,FATOR OPERACIONAL
45819,FATOR HUMANO
45819,FATOR HUMANO
45819,FATOR HUMANO
45819,FATOR MATERIAL
45819,FATOR OPERACIONAL
45819,FATOR OPERACIONAL
45819,FATOR HUMANO
45819,FATOR HUMANO
45819,FATOR HUMANO
45820,FATOR HUMANO
45820,FATOR HUMANO
45820,FATOR HUMANO
45820,FATOR OPERACIONAL
45820,FATOR HUMANO
45820,FATOR HUMANO
45820,FATOR OPERACIONAL
45820,FATOR HUMANO
45820,FATOR HUMANO
45820,FATOR HUMANO
45820,FATOR OPERACIONAL
45820,FATOR OPERACIONAL
45820,FATOR HUMANO
45820,FATOR OPERACIONAL
45821,FATOR OPERACIONAL
45821,FATOR OPERACIONAL
45822,FATOR OPERACIONAL
45829,FATOR OPERACIONAL
45833,FATOR OPERACIONAL
45856,FATOR OPERACIONAL
45857,FATOR OPERACIONAL
45857,FATOR OPERACIONAL
45857,FATOR HUMANO
45866,FATOR OPERACIONAL
45866,FATOR OPERACIONAL
45866,FATOR OPERACIONAL
45866,FATOR OPERACIONAL
45891,FATOR OPERACIONAL
45891,FATOR OPERACIONAL
45899,FATOR OPERACIONAL
45899,FATOR OPERACIONAL
45900,FATOR OPERACIONAL
45900,FATOR OPERACIONAL
45900,FATOR OPERACIONAL
45901,FATOR OPERACIONAL
45901,FATOR OPERACIONAL
45912,FATOR OPERACIONAL
45912,FATOR OPERACIONAL
45914,FATOR OPERACIONAL
45914,FATOR OPERACIONAL
45914,FATOR OPERACIONAL
45914,FATOR OPERACIONAL
45914,FATOR OPERACIONAL
45927,FATOR OPERACIONAL
45929,FATOR OPERACIONAL
45930,***
45930,FATOR OPERACIONAL
45930,FATOR OPERACIONAL
45932,FATOR OPERACIONAL
45932,FATOR OPERACIONAL
45932,FATOR OPERACIONAL
45932,FATOR OPERACIONAL
45933,FATOR OPERACIONAL
45933,FATOR OPERACIONAL
45934,FATOR HUMANO
45934,FATOR HUMANO
45934,FATOR HUMANO
45934,FATOR OPERACIONAL
45934,FATOR OPERACIONAL
45934,FATOR OPERACIONAL
45934,FATOR OPERACIONAL
45936,FATOR OPERACIONAL
46024,FATOR OPERACIONAL
46024,FATOR OPERACIONAL
46024,FATOR OPERACIONAL
46024,FATOR OPERACIONAL
46026,FATOR OPERACIONAL
46026,FATOR OPERACIONAL
46042,FATOR OPERACIONAL
46042,FATOR OPERACIONAL
46048,FATOR OPERACIONAL
46049,FATOR OPERACIONAL
46049,FATOR OPERACIONAL
46092,FATOR HUMANO
46092,FATOR HUMANO
46092,FATOR HUMANO
46092,FATOR HUMANO
46092,FATOR HUMANO
46092,FATOR HUMANO
46092,FATOR OPERACIONAL
46092,FATOR HUMANO
46092,FATOR HUMANO
46092,FATOR OPERACIONAL
46093,FATOR OPERACIONAL
46093,FATOR OPERACIONAL
46093,FATOR OPERACIONAL
46093,FATOR OPERACIONAL
46152,FATOR OPERACIONAL
46152,FATOR OPERACIONAL
46152,FATOR OPERACIONAL
46152,FATOR OPERACIONAL
46152,FATOR OPERACIONAL
46154,FATOR OPERACIONAL
46170,FATOR OPERACIONAL
46170,FATOR HUMANO
46170,FATOR OPERACIONAL
46170,FATOR OPERACIONAL
46170,FATOR HUMANO
46170,FATOR OPERACIONAL
46170,FATOR HUMANO
46170,FATOR HUMANO
46172,FATOR OPERACIONAL
46172,FATOR OPERACIONAL
46172,FATOR HUMANO
46187,FATOR MATERIAL
46199,FATOR HUMANO
46199,FATOR OPERACIONAL
46199,FATOR OPERACIONAL
46199,FATOR HUMANO
46199,FATOR HUMANO
46199,FATOR HUMANO
46199,FATOR OPERACIONAL
46199,FATOR OPERACIONAL
46199,FATOR HUMANO
46200,FATOR OPERACIONAL
46201,FATOR OPERACIONAL
46202,FATOR HUMANO
46202,FATOR HUMANO
46202,FATOR OPERACIONAL
46202,FATOR OPERACIONAL
46202,FATOR HUMANO
46202,FATOR OPERACIONAL
46202,FATOR OPERACIONAL
46256,FATOR OPERACIONAL
46256,FATOR HUMANO
46256,FATOR OPERACIONAL
46256,FATOR OPERACIONAL
46256,FATOR HUMANO
46256,FATOR OPERACIONAL
46257,FATOR OPERACIONAL
46257,FATOR OPERACIONAL
46257,FATOR OPERACIONAL
46259,FATOR OPERACIONAL
46260,***
46260,FATOR OPERACIONAL
46261,FATOR OPERACIONAL
46261,FATOR OPERACIONAL
46261,FATOR OPERACIONAL
46261,FATOR OPERACIONAL
46263,FATOR OPERACIONAL
46263,FATOR OPERACIONAL
46263,FATOR OPERACIONAL
46263,FATOR OPERACIONAL
46280,FATOR OPERACIONAL
46280,FATOR OPERACIONAL
46281,FATOR OPERACIONAL
46281,FATOR OPERACIONAL
46281,FATOR OPERACIONAL
46282,FATOR OPERACIONAL
46300,FATOR MATERIAL
46336,FATOR OPERACIONAL
46336,FATOR OPERACIONAL
46337,FATOR OPERACIONAL
46337,FATOR OPERACIONAL
46338,OUTRO
46356,FATOR OPERACIONAL
46356,FATOR OPERACIONAL
46356,FATOR OPERACIONAL
46356,FATOR OPERACIONAL
46356,FATOR OPERACIONAL
46356,OUTRO
46356,FATOR OPERACIONAL
46368,FATOR OPERACIONAL
46368,FATOR OPERACIONAL
46368,FATOR OPERACIONAL
46373,FATOR OPERACIONAL
46411,FATOR HUMANO
46411,FATOR OPERACIONAL
46411,FATOR OPERACIONAL
46415,FATOR OPERACIONAL
46415,FATOR OPERACIONAL
46431,FATOR OPERACIONAL
46434,FATOR OPERACIONAL
46434,FATOR OPERACIONAL
46434,FATOR HUMANO
46434,FATOR OPERACIONAL
46434,FATOR HUMANO
46434,FATOR OPERACIONAL
46435,FATOR OPERACIONAL
46435,FATOR HUMANO
46435,FATOR HUMANO
46435,FATOR OPERACIONAL
46435,FATOR OPERACIONAL
46435,FATOR OPERACIONAL
46435,FATOR HUMANO
46435,FATOR OPERACIONAL
46435,FATOR OPERACIONAL
46435,FATOR HUMANO
46435,FATOR OPERACIONAL
46437,FATOR HUMANO
46437,FATOR HUMANO
46437,FATOR OPERACIONAL
46443,FATOR OPERACIONAL
46443,FATOR OPERACIONAL
46443,FATOR OPERACIONAL
46443,FATOR OPERACIONAL
46444,FATOR OPERACIONAL
46444,FATOR OPERACIONAL
46444,FATOR OPERACIONAL
46445,FATOR OPERACIONAL
46446,FATOR OPERACIONAL
46446,FATOR OPERACIONAL
46446,FATOR OPERACIONAL
46446,FATOR OPERACIONAL
46446,FATOR OPERACIONAL
46449,FATOR OPERACIONAL
46449,FATOR OPERACIONAL
46450,FATOR OPERACIONAL
46451,FATOR OPERACIONAL
46451,FATOR OPERACIONAL
46496,FATOR OPERACIONAL
46496,FATOR OPERACIONAL
46496,FATOR OPERACIONAL
46498,FATOR OPERACIONAL
46563,FATOR OPERACIONAL
46563,FATOR HUMANO
46563,FATOR OPERACIONAL
46563,FATOR OPERACIONAL
46563,FATOR HUMANO
46564,FATOR OPERACIONAL
46565,FATOR OPERACIONAL
46568,FATOR OPERACIONAL
46570,FATOR OPERACIONAL
46570,FATOR HUMANO
46570,FATOR HUMANO
46570,FATOR OPERACIONAL
46570,FATOR OPERACIONAL
46570,FATOR HUMANO
46570,FATOR OPERACIONAL
46570,FATOR OPERACIONAL
46570,FATOR HUMANO
46570,FATOR HUMANO
46582,FATOR OPERACIONAL
46582,FATOR HUMANO
46582,FATOR OPERACIONAL
46582,FATOR HUMANO
46582,FATOR OPERACIONAL
46582,FATOR OPERACIONAL
46582,FATOR HUMANO
46582,FATOR HUMANO
46582,FATOR OPERACIONAL
46582,FATOR HUMANO
46582,FATOR OPERACIONAL
46583,FATOR HUMANO
46583,FATOR OPERACIONAL
46583,FATOR HUMANO
46583,FATOR HUMANO
46583,FATOR HUMANO
46583,FATOR OPERACIONAL
46583,FATOR OPERACIONAL
46583,FATOR HUMANO
46583,FATOR HUMANO
46583,FATOR OPERACIONAL
46583,FATOR HUMANO
46583,FATOR HUMANO
46583,FATOR OPERACIONAL
46584,FATOR OPERACIONAL
46584,FATOR OPERACIONAL
46590,FATOR OPERACIONAL
46590,FATOR OPERACIONAL
46591,FATOR OPERACIONAL
46591,FATOR OPERACIONAL
46591,FATOR OPERACIONAL
46591,FATOR HUMANO
46591,FATOR HUMANO
46591,FATOR OPERACIONAL
46630,FATOR OPERACIONAL
46712,FATOR OPERACIONAL
46712,FATOR OPERACIONAL
46734,FATOR OPERACIONAL
46746,FATOR HUMANO
46746,FATOR OPERACIONAL
46746,FATOR HUMANO
46746,FATOR HUMANO
46746,FATOR HUMANO
46746,FATOR OPERACIONAL
46747,FATOR OPERACIONAL
46747,FATOR OPERACIONAL
46747,FATOR HUMANO
46748,FATOR OPERACIONAL
46748,FATOR HUMANO
46748,FATOR OPERACIONAL
46748,FATOR OPERACIONAL
46748,FATOR OPERACIONAL
46748,***
46748,FATOR OPERACIONAL
46748,FATOR OPERACIONAL
46748,FATOR OPERACIONAL
46748,FATOR HUMANO
46750,FATOR OPERACIONAL
46750,FATOR OPERACIONAL
46751,FATOR OPERACIONAL
46751,FATOR HUMANO
46751,FATOR HUMANO
46751,FATOR HUMANO
46751,FATOR HUMANO
46751,FATOR OPERACIONAL
46751,FATOR HUMANO
46751,FATOR OPERACIONAL
46751,FATOR OPERACIONAL
46751,FATOR HUMANO
46751,FATOR HUMANO
46751,FATOR HUMANO
46751,FATOR OPERACIONAL
46753,FATOR OPERACIONAL
46753,FATOR HUMANO
46753,FATOR HUMANO
46753,FATOR OPERACIONAL
46756,FATOR OPERACIONAL
46840,FATOR OPERACIONAL
46840,FATOR OPERACIONAL
46840,FATOR OPERACIONAL
46840,FATOR HUMANO
46846,FATOR HUMANO
46846,FATOR OPERACIONAL
46852,FATOR OPERACIONAL
46854,FATOR OPERACIONAL
46854,FATOR OPERACIONAL
46855,FATOR HUMANO
46855,FATOR OPERACIONAL
46855,FATOR HUMANO
46855,FATOR HUMANO
46855,OUTRO
46855,FATOR HUMANO
46856,FATOR HUMANO
46856,FATOR OPERACIONAL
46860,FATOR OPERACIONAL
46864,FATOR OPERACIONAL
46864,FATOR OPERACIONAL
46864,FATOR OPERACIONAL
46865,FATOR OPERACIONAL
46865,FATOR OPERACIONAL
46873,FATOR OPERACIONAL
46873,FATOR OPERACIONAL
46873,FATOR OPERACIONAL
46901,FATOR OPERACIONAL
46901,OUTRO
46916,FATOR HUMANO
46916,FATOR HUMANO
46916,FATOR HUMANO
46916,FATOR HUMANO
46916,FATOR OPERACIONAL
46918,FATOR OPERACIONAL
46918,FATOR OPERACIONAL
46969,FATOR OPERACIONAL
46969,FATOR HUMANO
46969,FATOR HUMANO
46969,FATOR OPERACIONAL
46969,FATOR HUMANO
46969,FATOR OPERACIONAL
46969,FATOR OPERACIONAL
46969,FATOR HUMANO
46969,FATOR HUMANO
46969,FATOR OPERACIONAL
46969,FATOR OPERACIONAL
46969,FATOR HUMANO
46969,FATOR HUMANO
46969,FATOR OPERACIONAL
47012,FATOR OPERACIONAL
47012,FATOR HUMANO
47012,FATOR OPERACIONAL
47012,FATOR OPERACIONAL
47012,FATOR OPERACIONAL
47012,FATOR OPERACIONAL
47012,FATOR HUMANO
47013,FATOR OPERACIONAL
47013,FATOR OPERACIONAL
47013,FATOR OPERACIONAL
47013,FATOR OPERACIONAL
47015,FATOR HUMANO
47015,FATOR HUMANO
47015,FATOR OPERACIONAL
47015,FATOR OPERACIONAL
47015,FATOR OPERACIONAL
47015,FATOR OPERACIONAL
47015,FATOR OPERACIONAL
47015,FATOR HUMANO
47047,FATOR OPERACIONAL
47047,FATOR HUMANO
47047,FATOR OPERACIONAL
47074,FATOR OPERACIONAL
47074,FATOR OPERACIONAL
47075,FATOR OPERACIONAL
47075,FATOR OPERACIONAL
47075,FATOR OPERACIONAL
47108,FATOR OPERACIONAL
47108,FATOR HUMANO
47108,FATOR OPERACIONAL
47108,FATOR HUMANO
47110,FATOR HUMANO
47110,FATOR HUMANO
47110,FATOR HUMANO
47110,FATOR OPERACIONAL
47110,FATOR OPERACIONAL
47110,FATOR HUMANO
47133,FATOR OPERACIONAL
47142,FATOR OPERACIONAL
47142,FATOR HUMANO
47142,FATOR HUMANO
47142,FATOR HUMANO
47142,FATOR HUMANO
47142,***
47142,FATOR OPERACIONAL
47142,FATOR HUMANO
47142,FATOR HUMANO
47142,FATOR HUMANO
47142,FATOR OPERACIONAL
47142,FATOR OPERACIONAL
47142,FATOR OPERACIONAL
47156,FATOR OPERACIONAL
47156,FATOR OPERACIONAL
47156,FATOR OPERACIONAL
47354,FATOR OPERACIONAL
47649,FATOR OPERACIONAL
47649,FATOR OPERACIONAL
47652,FATOR OPERACIONAL
47661,FATOR OPERACIONAL
47661,FATOR OPERACIONAL
47697,FATOR OPERACIONAL
47697,FATOR OPERACIONAL
47876,FATOR OPERACIONAL
47879,FATOR HUMANO
47879,FATOR OPERACIONAL
47879,FATOR OPERACIONAL
47879,FATOR OPERACIONAL
47879,FATOR HUMANO
47938,FATOR HUMANO
47938,FATOR OPERACIONAL
47938,FATOR OPERACIONAL
47938,FATOR OPERACIONAL
47938,FATOR OPERACIONAL
47938,FATOR HUMANO
47938,FATOR OPERACIONAL
47938,FATOR OPERACIONAL
47966,FATOR OPERACIONAL
47966,FATOR OPERACIONAL
47966,FATOR OPERACIONAL
47981,FATOR HUMANO
47981,FATOR HUMANO
47981,FATOR HUMANO
47981,FATOR HUMANO
47981,FATOR HUMANO
47981,FATOR OPERACIONAL
47981,FATOR OPERACIONAL
47981,FATOR HUMANO
47981,FATOR HUMANO
47983,FATOR OPERACIONAL
47983,FATOR HUMANO
47983,FATOR OPERACIONAL
47983,FATOR HUMANO
47983,FATOR HUMANO
47983,FATOR OPERACIONAL
47983,FATOR HUMANO
47983,FATOR OPERACIONAL
48055,FATOR OPERACIONAL
48055,FATOR OPERACIONAL
48429,FATOR HUMANO
48429,FATOR HUMANO
48438,FATOR OPERACIONAL
48438,FATOR OPERACIONAL
48438,FATOR OPERACIONAL
48438,FATOR OPERACIONAL
48438,FATOR OPERACIONAL
48438,FATOR OPERACIONAL
48438,FATOR OPERACIONAL
48630,FATOR OPERACIONAL
48652,FATOR HUMANO
48652,FATOR HUMANO
48652,FATOR HUMANO
48652,FATOR OPERACIONAL
48652,FATOR OPERACIONAL
48652,FATOR OPERACIONAL
48652,FATOR HUMANO
48653,FATOR OPERACIONAL
48653,FATOR OPERACIONAL
48653,FATOR OPERACIONAL
48661,FATOR OPERACIONAL
48661,FATOR OPERACIONAL
48727,FATOR HUMANO
48727,FATOR HUMANO
48727,FATOR HUMANO
48727,FATOR HUMANO
48727,FATOR OPERACIONAL
48727,FATOR HUMANO
48727,FATOR HUMANO
48727,FATOR HUMANO
48727,FATOR HUMANO
48727,FATOR OPERACIONAL
48727,FATOR HUMANO
48727,FATOR HUMANO
48727,FATOR HUMANO
48727,FATOR OPERACIONAL
48762,FATOR OPERACIONAL
48762,FATOR OPERACIONAL
48772,FATOR OPERACIONAL
48772,FATOR OPERACIONAL
48791,FATOR OPERACIONAL
48791,FATOR OPERACIONAL
48795,FATOR OPERACIONAL
48795,FATOR OPERACIONAL
48796,FATOR OPERACIONAL
48796,FATOR OPERACIONAL
48796,FATOR OPERACIONAL
48797,FATOR HUMANO
48797,FATOR HUMANO
48797,FATOR OPERACIONAL
48797,FATOR OPERACIONAL
48797,FATOR OPERACIONAL
48797,FATOR HUMANO
48797,FATOR OPERACIONAL
48800,FATOR OPERACIONAL
48804,FATOR OPERACIONAL
48876,FATOR OPERACIONAL
48878,FATOR OPERACIONAL
48879,FATOR OPERACIONAL
48879,FATOR OPERACIONAL
48881,FATOR OPERACIONAL
48881,FATOR OPERACIONAL
49053,FATOR OPERACIONAL
49053,FATOR OPERACIONAL
49053,FATOR OPERACIONAL
49113,FATOR OPERACIONAL
49113,FATOR OPERACIONAL
49116,FATOR OPERACIONAL
49116,FATOR HUMANO
49116,FATOR HUMANO
49116,FATOR HUMANO
49116,FATOR OPERACIONAL
49116,FATOR HUMANO
49116,FATOR OPERACIONAL
49116,FATOR OPERACIONAL
49116,FATOR HUMANO
49116,FATOR HUMANO
49116,FATOR OPERACIONAL
49117,FATOR OPERACIONAL
49118,FATOR OPERACIONAL
49118,FATOR OPERACIONAL
49118,FATOR OPERACIONAL
49119,FATOR OPERACIONAL
49119,FATOR OPERACIONAL
49119,FATOR OPERACIONAL
49121,FATOR OPERACIONAL
49122,FATOR OPERACIONAL
49123,FATOR OPERACIONAL
49123,FATOR OPERACIONAL
49125,FATOR OPERACIONAL
49125,FATOR OPERACIONAL
49125,FATOR OPERACIONAL
49125,FATOR OPERACIONAL
49125,FATOR OPERACIONAL
49152,FATOR OPERACIONAL
49152,FATOR OPERACIONAL
49152,FATOR OPERACIONAL
49156,FATOR OPERACIONAL
49157,FATOR OPERACIONAL
49194,FATOR OPERACIONAL
49194,FATOR OPERACIONAL
49194,FATOR OPERACIONAL
49233,FATOR OPERACIONAL
49233,FATOR OPERACIONAL
49233,FATOR OPERACIONAL
49237,FATOR HUMANO
49237,FATOR HUMANO
49237,FATOR OPERACIONAL
49237,FATOR OPERACIONAL
49237,FATOR HUMANO
49451,FATOR OPERACIONAL
49451,FATOR OPERACIONAL
49454,FATOR OPERACIONAL
49454,OUTRO
49472,FATOR OPERACIONAL
49472,FATOR OPERACIONAL
49472,FATOR OPERACIONAL
49472,FATOR OPERACIONAL
49473,FATOR OPERACIONAL
49473,FATOR OPERACIONAL
49473,FATOR OPERACIONAL
49474,FATOR OPERACIONAL
49474,FATOR OPERACIONAL
49474,OUTRO
49475,FATOR OPERACIONAL
49475,FATOR OPERACIONAL
49494,FATOR OPERACIONAL
49494,FATOR OPERACIONAL
49513,FATOR MATERIAL
49513,FATOR OPERACIONAL
49513,FATOR OPERACIONAL
49591,FATOR OPERACIONAL
49592,FATOR OPERACIONAL
49592,FATOR OPERACIONAL
49593,FATOR OPERACIONAL
49593,FATOR OPERACIONAL
49593,FATOR HUMANO
49593,FATOR OPERACIONAL
49611,FATOR HUMANO
49611,FATOR OPERACIONAL
49611,FATOR OPERACIONAL
49612,FATOR OPERACIONAL
49615,FATOR OPERACIONAL
49616,FATOR OPERACIONAL
49616,FATOR HUMANO
49616,FATOR HUMANO
49616,FATOR HUMANO
49616,FATOR OPERACIONAL
49616,FATOR OPERACIONAL
49616,FATOR HUMANO
49616,FATOR HUMANO
49616,FATOR OPERACIONAL
49616,FATOR HUMANO
49616,FATOR HUMANO
49618,FATOR HUMANO
49618,FATOR HUMANO
49618,FATOR HUMANO
49618,FATOR HUMANO
49618,FATOR MATERIAL
49618,FATOR OPERACIONAL
49618,FATOR HUMANO
49618,OUTRO
49618,FATOR HUMANO
49618,FATOR HUMANO
49618,FATOR HUMANO
49618,FATOR OPERACIONAL
49619,FATOR OPERACIONAL
49620,FATOR OPERACIONAL
49620,FATOR OPERACIONAL
49651,FATOR HUMANO
49651,FATOR OPERACIONAL
49651,FATOR HUMANO
49651,FATOR OPERACIONAL
49671,FATOR OPERACIONAL
49671,FATOR OPERACIONAL
49673,FATOR OPERACIONAL
49673,FATOR OPERACIONAL
49691,FATOR OPERACIONAL
49691,FATOR OPERACIONAL
49692,FATOR OPERACIONAL
49751,FATOR OPERACIONAL
49751,FATOR OPERACIONAL
49795,FATOR OPERACIONAL
49796,FATOR OPERACIONAL
49797,FATOR OPERACIONAL
49798,FATOR OPERACIONAL
49798,FATOR OPERACIONAL
49814,FATOR OPERACIONAL
49876,FATOR OPERACIONAL
49876,FATOR OPERACIONAL
49876,FATOR OPERACIONAL
49878,FATOR OPERACIONAL
49880,FATOR OPERACIONAL
49880,FATOR HUMANO
49880,FATOR OPERACIONAL
49882,FATOR OPERACIONAL
49882,FATOR OPERACIONAL
49892,FATOR OPERACIONAL
49892,FATOR OPERACIONAL
49931,FATOR OPERACIONAL
49931,FATOR OPERACIONAL
49932,FATOR OPERACIONAL
49932,FATOR OPERACIONAL
49933,FATOR OPERACIONAL
49934,FATOR OPERACIONAL
50053,FATOR OPERACIONAL
50053,FATOR OPERACIONAL
50053,FATOR OPERACIONAL
50091,FATOR HUMANO
50091,FATOR HUMANO
50091,FATOR OPERACIONAL
50091,FATOR HUMANO
50091,FATOR OPERACIONAL
50091,FATOR OPERACIONAL
50091,FATOR HUMANO
50091,FATOR OPERACIONAL
50091,FATOR OPERACIONAL
50091,FATOR HUMANO
50095,***
50095,FATOR OPERACIONAL
50095,FATOR OPERACIONAL
50097,FATOR HUMANO
50097,FATOR HUMANO
50097,FATOR HUMANO
50097,FATOR OPERACIONAL
50097,FATOR HUMANO
50097,FATOR HUMANO
50097,FATOR HUMANO
50097,FATOR HUMANO
50097,FATOR OPERACIONAL
50097,FATOR HUMANO
50097,FATOR HUMANO
50097,FATOR HUMANO
50131,FATOR OPERACIONAL
50238,FATOR OPERACIONAL
50238,FATOR HUMANO
50238,FATOR HUMANO
50238,FATOR OPERACIONAL
50238,FATOR OPERACIONAL
50238,FATOR HUMANO
50238,OUTRO
50238,FATOR HUMANO
50238,FATOR OPERACIONAL
50238,FATOR OPERACIONAL
50238,FATOR HUMANO
50238,FATOR HUMANO
50238,FATOR OPERACIONAL
50240,FATOR HUMANO
50240,FATOR HUMANO
50240,FATOR HUMANO
50240,FATOR OPERACIONAL
50240,FATOR HUMANO
50240,FATOR OPERACIONAL
50240,FATOR HUMANO
50240,FATOR OPERACIONAL
50240,FATOR HUMANO
50240,FATOR OPERACIONAL
50245,FATOR OPERACIONAL
50245,FATOR OPERACIONAL
50246,FATOR HUMANO
50246,FATOR OPERACIONAL
50246,FATOR OPERACIONAL
50251,FATOR OPERACIONAL
50251,FATOR OPERACIONAL
50252,FATOR OPERACIONAL
50253,FATOR OPERACIONAL
50253,FATOR OPERACIONAL
50291,FATOR OPERACIONAL
50291,FATOR OPERACIONAL
50292,FATOR OPERACIONAL
50292,FATOR OPERACIONAL
50292,FATOR OPERACIONAL
50292,FATOR OPERACIONAL
50313,FATOR OPERACIONAL
50313,FATOR OPERACIONAL
50314,FATOR HUMANO
50314,FATOR OPERACIONAL
50314,FATOR OPERACIONAL
50314,FATOR OPERACIONAL
50315,FATOR OPERACIONAL
50315,FATOR OPERACIONAL
50315,FATOR OPERACIONAL
50317,FATOR OPERACIONAL
50317,FATOR OPERACIONAL
50317,FATOR HUMANO
50317,FATOR HUMANO
50320,FATOR OPERACIONAL
50320,FATOR HUMANO
50320,FATOR OPERACIONAL
50320,FATOR HUMANO
50320,FATOR OPERACIONAL
50320,FATOR OPERACIONAL
50320,FATOR HUMANO
50320,FATOR OPERACIONAL
50320,FATOR HUMANO
50320,FATOR HUMANO
50320,FATOR OPERACIONAL
50322,FATOR OPERACIONAL
50322,FATOR OPERACIONAL
50322,FATOR HUMANO
50324,FATOR OPERACIONAL
50324,FATOR OPERACIONAL
50331,FATOR OPERACIONAL
50331,FATOR HUMANO
50331,FATOR HUMANO
50331,FATOR OPERACIONAL
50331,FATOR OPERACIONAL
50331,FATOR OPERACIONAL
50331,FATOR HUMANO
50332,FATOR OPERACIONAL
50332,FATOR OPERACIONAL
50333,OUTRO
50334,FATOR OPERACIONAL
50337,FATOR OPERACIONAL
50337,FATOR OPERACIONAL
50337,FATOR OPERACIONAL
50341,FATOR OPERACIONAL
50341,FATOR OPERACIONAL
50342,FATOR HUMANO
50342,FATOR HUMANO
50342,FATOR OPERACIONAL
50342,FATOR OPERACIONAL
50342,FATOR OPERACIONAL
50342,FATOR HUMANO
50342,FATOR HUMANO
50342,FATOR OPERACIONAL
50342,FATOR HUMANO
50342,FATOR OPERACIONAL
50343,FATOR OPERACIONAL
50344,FATOR OPERACIONAL
50346,FATOR OPERACIONAL
50347,FATOR OPERACIONAL
50347,FATOR OPERACIONAL
50453,FATOR OPERACIONAL
50511,FATOR OPERACIONAL
50511,FATOR OPERACIONAL
50511,FATOR OPERACIONAL
50513,FATOR OPERACIONAL
50714,FATOR OPERACIONAL
50771,FATOR OPERACIONAL
50771,FATOR OPERACIONAL
50791,FATOR OPERACIONAL
50791,FATOR OPERACIONAL
50792,FATOR OPERACIONAL
50797,FATOR HUMANO
50797,FATOR HUMANO
50797,FATOR HUMANO
50797,FATOR HUMANO
50797,FATOR OPERACIONAL
50797,FATOR OPERACIONAL
50797,FATOR OPERACIONAL
50797,FATOR HUMANO
50797,FATOR HUMANO
50797,FATOR HUMANO
50797,FATOR HUMANO
50797,FATOR HUMANO
50797,FATOR OPERACIONAL
50799,FATOR OPERACIONAL
50799,FATOR OPERACIONAL
50800,FATOR HUMANO
50800,FATOR HUMANO
50800,FATOR HUMANO
50800,FATOR HUMANO
50800,FATOR OPERACIONAL
50800,FATOR OPERACIONAL
50800,FATOR OPERACIONAL
50800,FATOR HUMANO
50802,FATOR OPERACIONAL
50802,FATOR OPERACIONAL
50802,FATOR OPERACIONAL
50803,FATOR OPERACIONAL
50803,FATOR OPERACIONAL
50803,FATOR OPERACIONAL
50804,FATOR OPERACIONAL
50804,FATOR HUMANO
50804,FATOR HUMANO
50804,FATOR HUMANO
50804,FATOR OPERACIONAL
50804,FATOR OPERACIONAL
50804,FATOR HUMANO
50804,FATOR HUMANO
50807,FATOR OPERACIONAL
50807,FATOR OPERACIONAL
50810,FATOR OPERACIONAL
50810,FATOR OPERACIONAL
50812,FATOR OPERACIONAL
50812,FATOR OPERACIONAL
50831,FATOR OPERACIONAL
50831,FATOR OPERACIONAL
50831,FATOR OPERACIONAL
50831,FATOR OPERACIONAL
50916,FATOR OPERACIONAL
50916,FATOR OPERACIONAL
50916,FATOR OPERACIONAL
50919,FATOR OPERACIONAL
50919,FATOR OPERACIONAL
50972,FATOR HUMANO
50972,FATOR HUMANO
50972,FATOR OPERACIONAL
50972,FATOR HUMANO
50972,FATOR HUMANO
50972,FATOR OPERACIONAL
50972,FATOR OPERACIONAL
50972,FATOR HUMANO
50972,FATOR HUMANO
50972,FATOR HUMANO
50972,FATOR OPERACIONAL
50975,FATOR OPERACIONAL
50976,FATOR OPERACIONAL
50976,FATOR OPERACIONAL
50977,FATOR HUMANO
50977,FATOR OPERACIONAL
50977,FATOR OPERACIONAL
50978,FATOR OPERACIONAL
50979,FATOR OPERACIONAL
50981,FATOR OPERACIONAL
50981,FATOR OPERACIONAL
50983,FATOR OPERACIONAL
50983,FATOR OPERACIONAL
50984,FATOR OPERACIONAL
50984,FATOR OPERACIONAL
50984,FATOR OPERACIONAL
50985,FATOR OPERACIONAL
50992,FATOR OPERACIONAL
50992,FATOR HUMANO
50992,FATOR HUMANO
50993,FATOR OPERACIONAL
50993,FATOR OPERACIONAL
50994,FATOR OPERACIONAL
50995,FATOR OPERACIONAL
50995,FATOR OPERACIONAL
50995,FATOR OPERACIONAL
50995,FATOR OPERACIONAL
50996,FATOR HUMANO
50996,FATOR HUMANO
50996,FATOR HUMANO
50996,FATOR OPERACIONAL
50996,***
50996,FATOR OPERACIONAL
50996,FATOR HUMANO
50996,FATOR HUMANO
50996,FATOR HUMANO
50996,FATOR OPERACIONAL
50998,FATOR OPERACIONAL
50998,FATOR OPERACIONAL
50999,FATOR OPERACIONAL
50999,OUTRO
50999,FATOR MATERIAL
51004,FATOR OPERACIONAL
51004,FATOR OPERACIONAL
51004,FATOR OPERACIONAL
51004,FATOR OPERACIONAL
51004,FATOR OPERACIONAL
51005,FATOR OPERACIONAL
51005,FATOR OPERACIONAL
51005,FATOR OPERACIONAL
51006,FATOR OPERACIONAL
51006,FATOR OPERACIONAL
51006,FATOR OPERACIONAL
51006,FATOR OPERACIONAL
51006,FATOR OPERACIONAL
51007,FATOR OPERACIONAL
51007,FATOR OPERACIONAL
51010,FATOR OPERACIONAL
51010,FATOR HUMANO
51010,FATOR HUMANO
51010,FATOR HUMANO
51010,FATOR OPERACIONAL
51010,FATOR HUMANO
51010,FATOR HUMANO
51010,FATOR HUMANO
51010,FATOR HUMANO
51010,FATOR HUMANO
51010,FATOR OPERACIONAL
51011,FATOR OPERACIONAL
51011,FATOR OPERACIONAL
51015,FATOR OPERACIONAL
51015,FATOR OPERACIONAL
51020,FATOR MATERIAL
51020,FATOR OPERACIONAL
51020,FATOR HUMANO
51020,FATOR HUMANO
51021,FATOR OPERACIONAL
51022,FATOR OPERACIONAL
51022,FATOR OPERACIONAL
51023,FATOR OPERACIONAL
51023,FATOR OPERACIONAL
51023,FATOR OPERACIONAL
51023,FATOR OPERACIONAL
51023,FATOR OPERACIONAL
51024,FATOR OPERACIONAL
51025,FATOR OPERACIONAL
51025,FATOR OPERACIONAL
51025,FATOR OPERACIONAL
51026,FATOR OPERACIONAL
51026,FATOR OPERACIONAL
51026,FATOR OPERACIONAL
51026,FATOR OPERACIONAL
51027,FATOR HUMANO
51027,FATOR HUMANO
51027,FATOR OPERACIONAL
51027,FATOR HUMANO
51027,FATOR OPERACIONAL
51027,FATOR OPERACIONAL
51031,FATOR OPERACIONAL
51031,FATOR OPERACIONAL
51031,FATOR OPERACIONAL
51033,FATOR OPERACIONAL
51052,FATOR OPERACIONAL
51054,FATOR OPERACIONAL
51055,FATOR OPERACIONAL
51055,FATOR OPERACIONAL
51075,FATOR OPERACIONAL
51083,FATOR HUMANO
51083,FATOR OPERACIONAL
51083,FATOR HUMANO
51083,FATOR HUMANO
51393,FATOR HUMANO
51393,FATOR HUMANO
51393,FATOR HUMANO
51393,FATOR OPERACIONAL
51393,FATOR HUMANO
51393,FATOR HUMANO
51393,FATOR HUMANO
51393,FATOR OPERACIONAL
51412,FATOR OPERACIONAL
51412,FATOR OPERACIONAL
51412,FATOR OPERACIONAL
51412,FATOR OPERACIONAL
51413,FATOR OPERACIONAL
51413,FATOR OPERACIONAL
51413,FATOR OPERACIONAL
51414,FATOR OPERACIONAL
51414,OUTRO
51414,FATOR HUMANO
51416,FATOR OPERACIONAL
51416,FATOR HUMANO
51416,FATOR HUMANO
51416,FATOR HUMANO
51416,FATOR HUMANO
51416,FATOR HUMANO
51416,FATOR HUMANO
51416,FATOR OPERACIONAL
51416,FATOR OPERACIONAL
51416,FATOR HUMANO
51416,FATOR HUMANO
51416,FATOR HUMANO
51416,FATOR HUMANO
51439,FATOR OPERACIONAL
51439,FATOR OPERACIONAL
51440,FATOR HUMANO
51440,FATOR HUMANO
51440,FATOR OPERACIONAL
51440,FATOR HUMANO
51440,FATOR OPERACIONAL
51440,FATOR OPERACIONAL
51440,FATOR OPERACIONAL
51440,FATOR HUMANO
51440,FATOR HUMANO
51440,FATOR OPERACIONAL
51440,FATOR OPERACIONAL
51440,FATOR HUMANO
51441,FATOR OPERACIONAL
51441,FATOR OPERACIONAL
51442,FATOR OPERACIONAL
51442,FATOR HUMANO
51442,FATOR OPERACIONAL
51442,FATOR HUMANO
51442,FATOR OPERACIONAL
51442,FATOR HUMANO
51442,FATOR OPERACIONAL
51442,FATOR HUMANO
51442,FATOR HUMANO
51443,FATOR OPERACIONAL
51443,FATOR OPERACIONAL
51443,FATOR OPERACIONAL
51443,FATOR OPERACIONAL
51443,FATOR HUMANO
51443,FATOR OPERACIONAL
51443,FATOR HUMANO
51444,FATOR HUMANO
51444,FATOR HUMANO
51444,FATOR OPERACIONAL
51444,FATOR HUMANO
51444,FATOR OPERACIONAL
51444,FATOR OPERACIONAL
51444,FATOR HUMANO
51444,FATOR OPERACIONAL
51445,FATOR OPERACIONAL
51445,FATOR OPERACIONAL
51445,FATOR OPERACIONAL
51448,FATOR OPERACIONAL
51448,FATOR OPERACIONAL
51449,FATOR OPERACIONAL
51449,FATOR OPERACIONAL
51531,FATOR OPERACIONAL
51531,FATOR OPERACIONAL
51533,FATOR OPERACIONAL
51533,FATOR OPERACIONAL
51533,FATOR OPERACIONAL
51534,FATOR OPERACIONAL
51534,FATOR HUMANO
51534,FATOR HUMANO
51534,FATOR OPERACIONAL
51534,FATOR OPERACIONAL
51537,FATOR OPERACIONAL
51567,FATOR OPERACIONAL
51567,FATOR OPERACIONAL
51568,FATOR OPERACIONAL
51568,FATOR OPERACIONAL
51568,FATOR OPERACIONAL
51568,FATOR OPERACIONAL
51568,FATOR HUMANO
51568,FATOR HUMANO
51570,FATOR OPERACIONAL
51570,FATOR OPERACIONAL
51570,FATOR OPERACIONAL
51570,FATOR OPERACIONAL
51596,FATOR OPERACIONAL
51596,FATOR OPERACIONAL
51596,FATOR OPERACIONAL
51597,FATOR OPERACIONAL
51653,FATOR OPERACIONAL
51653,FATOR OPERACIONAL
51653,FATOR OPERACIONAL
51653,FATOR OPERACIONAL
51654,FATOR OPERACIONAL
51654,FATOR OPERACIONAL
51654,FATOR OPERACIONAL
51655,FATOR HUMANO
51655,FATOR OPERACIONAL
51655,FATOR HUMANO
51655,FATOR OPERACIONAL
51656,FATOR OPERACIONAL
51656,FATOR OPERACIONAL
51656,FATOR OPERACIONAL
51671,FATOR OPERACIONAL
51671,FATOR OPERACIONAL
51671,FATOR OPERACIONAL
51671,FATOR OPERACIONAL
51671,FATOR OPERACIONAL
51674,FATOR OPERACIONAL
51674,FATOR OPERACIONAL
51674,FATOR HUMANO
51674,FATOR HUMANO
51674,FATOR OPERACIONAL
51676,FATOR OPERACIONAL
51751,FATOR HUMANO
51751,FATOR OPERACIONAL
51751,FATOR OPERACIONAL
51751,FATOR HUMANO
51752,FATOR OPERACIONAL
51752,FATOR OPERACIONAL
51752,FATOR OPERACIONAL
51753,FATOR OPERACIONAL
51753,FATOR OPERACIONAL
51755,FATOR OPERACIONAL
51755,FATOR OPERACIONAL
51755,FATOR OPERACIONAL
52231,FATOR OPERACIONAL
52240,FATOR OPERACIONAL
52240,FATOR OPERACIONAL
52263,FATOR OPERACIONAL
52264,FATOR HUMANO
52264,FATOR HUMANO
52264,FATOR HUMANO
52265,FATOR OPERACIONAL
52265,FATOR HUMANO
52265,FATOR HUMANO
52265,FATOR HUMANO
52265,FATOR OPERACIONAL
52265,FATOR HUMANO
52265,FATOR HUMANO
52265,FATOR HUMANO
52265,FATOR OPERACIONAL
52265,FATOR OPERACIONAL
52265,FATOR HUMANO
52265,FATOR HUMANO
52265,FATOR OPERACIONAL
52265,FATOR HUMANO
52265,FATOR HUMANO
52265,FATOR HUMANO
52271,FATOR OPERACIONAL
52271,FATOR OPERACIONAL
52271,FATOR HUMANO
52273,FATOR OPERACIONAL
52273,FATOR OPERACIONAL
52274,FATOR OPERACIONAL
52274,FATOR OPERACIONAL
52274,FATOR HUMANO
52275,FATOR OPERACIONAL
52275,FATOR OPERACIONAL
52275,FATOR OPERACIONAL
52277,FATOR HUMANO
52277,FATOR HUMANO
52277,FATOR OPERACIONAL
52277,FATOR HUMANO
52279,FATOR OPERACIONAL
52279,FATOR OPERACIONAL
52279,FATOR OPERACIONAL
52279,FATOR OPERACIONAL
52279,FATOR OPERACIONAL
52279,FATOR HUMANO
52279,FATOR HUMANO
52286,FATOR OPERACIONAL
52286,FATOR OPERACIONAL
52286,FATOR OPERACIONAL
52287,FATOR OPERACIONAL
52289,FATOR HUMANO
52289,FATOR OPERACIONAL
52289,FATOR HUMANO
52289,FATOR HUMANO
52289,FATOR OPERACIONAL
52291,***
52291,FATOR OPERACIONAL
52291,FATOR OPERACIONAL
52292,FATOR OPERACIONAL
52292,FATOR OPERACIONAL
52293,FATOR OPERACIONAL
52293,FATOR OPERACIONAL
52293,FATOR OPERACIONAL
52295,FATOR OPERACIONAL
52295,FATOR OPERACIONAL
52340,FATOR OPERACIONAL
52340,FATOR HUMANO
52340,FATOR OPERACIONAL
52340,FATOR OPERACIONAL
52340,FATOR HUMANO
52340,FATOR HUMANO
52471,FATOR OPERACIONAL
52471,FATOR OPERACIONAL
52471,FATOR OPERACIONAL
52538,FATOR OPERACIONAL
52538,FATOR OPERACIONAL
52538,FATOR OPERACIONAL
52538,FATOR OPERACIONAL
52551,FATOR OPERACIONAL
52551,FATOR OPERACIONAL
52552,FATOR OPERACIONAL
52552,FATOR OPERACIONAL
52552,FATOR OPERACIONAL
52552,FATOR HUMANO
52552,FATOR HUMANO
52553,FATOR OPERACIONAL
52596,FATOR OPERACIONAL
52596,FATOR HUMANO
52596,FATOR OPERACIONAL
52633,FATOR OPERACIONAL
52634,FATOR OPERACIONAL
52635,FATOR HUMANO
52635,FATOR OPERACIONAL
52635,FATOR HUMANO
52636,FATOR HUMANO
52636,FATOR HUMANO
52636,FATOR OPERACIONAL
52636,FATOR OPERACIONAL
52638,FATOR OPERACIONAL
52638,FATOR OPERACIONAL
52638,FATOR OPERACIONAL
52638,FATOR OPERACIONAL
52640,FATOR OPERACIONAL
52651,FATOR OPERACIONAL
52651,FATOR OPERACIONAL
52651,FATOR OPERACIONAL
52652,FATOR OPERACIONAL
52653,FATOR OPERACIONAL
52654,FATOR OPERACIONAL
52654,FATOR OPERACIONAL
52671,FATOR OPERACIONAL
52671,FATOR HUMANO
52671,FATOR OPERACIONAL
52671,FATOR HUMANO
52671,FATOR OPERACIONAL
52671,FATOR OPERACIONAL
52671,FATOR HUMANO
52671,FATOR HUMANO
52671,FATOR OPERACIONAL
52676,FATOR OPERACIONAL
52676,FATOR OPERACIONAL
52692,FATOR OPERACIONAL
52692,FATOR OPERACIONAL
52692,FATOR OPERACIONAL
52692,FATOR OPERACIONAL
52693,FATOR OPERACIONAL
52694,FATOR OPERACIONAL
52694,FATOR OPERACIONAL
52696,FATOR OPERACIONAL
52699,FATOR HUMANO
52699,FATOR HUMANO
52699,FATOR OPERACIONAL
52699,FATOR OPERACIONAL
52699,FATOR HUMANO
52699,FATOR HUMANO
52814,FATOR OPERACIONAL
52814,FATOR OPERACIONAL
52814,FATOR OPERACIONAL
52815,FATOR OPERACIONAL
52815,FATOR HUMANO
52815,FATOR OPERACIONAL
52815,FATOR HUMANO
52815,FATOR HUMANO
52815,FATOR HUMANO
52815,FATOR HUMANO
52815,FATOR OPERACIONAL
52815,FATOR OPERACIONAL
52815,FATOR HUMANO
52815,FATOR HUMANO
52816,FATOR OPERACIONAL
52816,FATOR HUMANO
52817,FATOR OPERACIONAL
52818,FATOR OPERACIONAL
52818,FATOR OPERACIONAL
52818,FATOR OPERACIONAL
52818,FATOR OPERACIONAL
52818,FATOR OPERACIONAL
52818,FATOR OPERACIONAL
52819,FATOR OPERACIONAL
52819,FATOR HUMANO
52819,FATOR OPERACIONAL
52819,FATOR HUMANO
52819,FATOR OPERACIONAL
52819,FATOR OPERACIONAL
52819,OUTRO
52819,FATOR HUMANO
52819,FATOR HUMANO
52836,FATOR OPERACIONAL
52836,FATOR OPERACIONAL
52836,FATOR OPERACIONAL
52836,FATOR OPERACIONAL
52837,FATOR OPERACIONAL
52837,FATOR OPERACIONAL
52837,FATOR OPERACIONAL
52838,FATOR OPERACIONAL
52838,FATOR OPERACIONAL
52839,FATOR OPERACIONAL
52839,FATOR OPERACIONAL
52839,FATOR OPERACIONAL
52872,FATOR OPERACIONAL
52872,FATOR OPERACIONAL
52872,FATOR OPERACIONAL
52873,FATOR OPERACIONAL
52874,FATOR OPERACIONAL
52874,FATOR HUMANO
52874,FATOR OPERACIONAL
52874,FATOR HUMANO
52874,FATOR HUMANO
52934,FATOR OPERACIONAL
52934,FATOR OPERACIONAL
52935,FATOR OPERACIONAL
52935,FATOR OPERACIONAL
52935,FATOR OPERACIONAL
52935,FATOR OPERACIONAL
52935,FATOR OPERACIONAL
52937,FATOR OPERACIONAL
52937,FATOR OPERACIONAL
52938,FATOR OPERACIONAL
52938,FATOR OPERACIONAL
52938,FATOR OPERACIONAL
52938,FATOR OPERACIONAL
52939,FATOR OPERACIONAL
52939,FATOR OPERACIONAL
52940,FATOR OPERACIONAL
52942,FATOR OPERACIONAL
52945,FATOR OPERACIONAL
52946,FATOR HUMANO
52946,***
52946,FATOR OPERACIONAL
52946,FATOR HUMANO
52947,FATOR OPERACIONAL
52947,FATOR OPERACIONAL
52947,FATOR OPERACIONAL
52972,FATOR HUMANO
52972,FATOR HUMANO
52972,FATOR HUMANO
52972,FATOR OPERACIONAL
52972,FATOR HUMANO
52973,FATOR OPERACIONAL
52973,FATOR OPERACIONAL
52973,FATOR OPERACIONAL
52976,FATOR OPERACIONAL
52976,FATOR OPERACIONAL
52976,FATOR MATERIAL
52976,FATOR OPERACIONAL
52976,FATOR OPERACIONAL
52976,FATOR HUMANO
52977,FATOR OPERACIONAL
52978,***
52978,FATOR OPERACIONAL
52978,FATOR OPERACIONAL
52978,FATOR OPERACIONAL
52980,FATOR OPERACIONAL
52980,***
52980,FATOR OPERACIONAL
52983,FATOR OPERACIONAL
52983,FATOR OPERACIONAL
52984,FATOR OPERACIONAL
52984,FATOR OPERACIONAL
52984,FATOR OPERACIONAL
52987,OUTRO
52987,FATOR OPERACIONAL
52988,FATOR OPERACIONAL
52988,FATOR OPERACIONAL
52988,FATOR OPERACIONAL
52988,FATOR OPERACIONAL
52988,FATOR OPERACIONAL
53103,FATOR OPERACIONAL
53103,FATOR HUMANO
53103,FATOR OPERACIONAL
53103,FATOR HUMANO
53103,FATOR OPERACIONAL
53103,FATOR HUMANO
53103,FATOR HUMANO
53103,FATOR OPERACIONAL
53104,FATOR OPERACIONAL
53104,FATOR OPERACIONAL
53104,FATOR HUMANO
53104,FATOR OPERACIONAL
53104,FATOR OPERACIONAL
53104,FATOR OPERACIONAL
53106,FATOR OPERACIONAL
53106,FATOR OPERACIONAL
53106,FATOR OPERACIONAL
53108,FATOR OPERACIONAL
53108,FATOR OPERACIONAL
53113,FATOR OPERACIONAL
53114,FATOR OPERACIONAL
53115,FATOR OPERACIONAL
53115,FATOR OPERACIONAL
53115,FATOR HUMANO
53117,FATOR OPERACIONAL
53118,FATOR OPERACIONAL
53118,FATOR OPERACIONAL
53148,FATOR OPERACIONAL
53148,FATOR OPERACIONAL
53148,FATOR OPERACIONAL
53148,FATOR OPERACIONAL
53149,FATOR HUMANO
53149,FATOR OPERACIONAL
53149,FATOR OPERACIONAL
53149,FATOR OPERACIONAL
53149,FATOR HUMANO
53151,FATOR OPERACIONAL
53151,FATOR OPERACIONAL
53151,FATOR HUMANO
53152,FATOR OPERACIONAL
53152,OUTRO
53165,FATOR OPERACIONAL
53165,FATOR OPERACIONAL
53166,FATOR OPERACIONAL
53166,FATOR OPERACIONAL
53182,FATOR OPERACIONAL
53182,FATOR HUMANO
53182,FATOR OPERACIONAL
53182,FATOR OPERACIONAL
53182,FATOR HUMANO
53182,FATOR OPERACIONAL
53182,FATOR HUMANO
53182,FATOR HUMANO
53194,FATOR OPERACIONAL
53195,FATOR HUMANO
53195,FATOR HUMANO
53195,FATOR OPERACIONAL
53195,FATOR OPERACIONAL
53195,FATOR HUMANO
53195,FATOR HUMANO
53195,FATOR OPERACIONAL
53196,FATOR OPERACIONAL
53198,FATOR OPERACIONAL
53198,FATOR OPERACIONAL
53198,FATOR OPERACIONAL
53198,FATOR OPERACIONAL
53203,FATOR OPERACIONAL
53204,FATOR HUMANO
53204,FATOR OPERACIONAL
53204,FATOR OPERACIONAL
53223,FATOR OPERACIONAL
53223,FATOR OPERACIONAL
53224,FATOR OPERACIONAL
53225,FATOR OPERACIONAL
53225,FATOR OPERACIONAL
53225,FATOR OPERACIONAL
53225,FATOR OPERACIONAL
53232,FATOR OPERACIONAL
53232,FATOR OPERACIONAL
53232,FATOR OPERACIONAL
53233,FATOR OPERACIONAL
53233,FATOR OPERACIONAL
53254,FATOR OPERACIONAL
53254,FATOR OPERACIONAL
53254,FATOR OPERACIONAL
53254,FATOR OPERACIONAL
53256,FATOR OPERACIONAL
53256,FATOR OPERACIONAL
53257,FATOR OPERACIONAL
53257,FATOR OPERACIONAL
53262,FATOR OPERACIONAL
53262,***
53262,FATOR OPERACIONAL
53262,FATOR OPERACIONAL
53262,FATOR OPERACIONAL
53262,FATOR HUMANO
53262,FATOR OPERACIONAL
53264,FATOR HUMANO
53264,FATOR OPERACIONAL
53265,FATOR OPERACIONAL
53265,FATOR OPERACIONAL
53265,FATOR OPERACIONAL
53265,FATOR HUMANO
53266,FATOR OPERACIONAL
53266,FATOR HUMANO
53266,FATOR HUMANO
53266,FATOR OPERACIONAL
53266,FATOR HUMANO
53266,FATOR OPERACIONAL
53266,FATOR OPERACIONAL
53268,FATOR OPERACIONAL
53268,FATOR OPERACIONAL
53269,FATOR HUMANO
53269,FATOR OPERACIONAL
53270,FATOR OPERACIONAL
53270,FATOR OPERACIONAL
53306,FATOR HUMANO
53306,FATOR OPERACIONAL
53306,FATOR OPERACIONAL
53306,FATOR HUMANO
53306,FATOR OPERACIONAL
53306,FATOR HUMANO
53306,FATOR HUMANO
53306,FATOR OPERACIONAL
53308,FATOR OPERACIONAL
53308,FATOR OPERACIONAL
53308,FATOR HUMANO
53324,FATOR OPERACIONAL
53325,FATOR OPERACIONAL
53325,FATOR HUMANO
53325,FATOR HUMANO
53325,FATOR OPERACIONAL
53325,FATOR HUMANO
53325,FATOR OPERACIONAL
53325,FATOR OPERACIONAL
53325,FATOR HUMANO
53325,FATOR OPERACIONAL
53325,FATOR OPERACIONAL
53325,FATOR OPERACIONAL
53325,FATOR HUMANO
53325,FATOR OPERACIONAL
53326,FATOR OPERACIONAL
53331,FATOR HUMANO
53331,FATOR HUMANO
53331,FATOR OPERACIONAL
53331,FATOR HUMANO
53331,FATOR OPERACIONAL
53331,FATOR HUMANO
53331,FATOR HUMANO
53332,FATOR OPERACIONAL
53332,FATOR OPERACIONAL
53332,FATOR OPERACIONAL
53333,FATOR HUMANO
53333,FATOR OPERACIONAL
53333,FATOR HUMANO
53333,FATOR OPERACIONAL
53340,FATOR HUMANO
53340,FATOR HUMANO
53340,FATOR HUMANO
53340,FATOR HUMANO
53340,FATOR HUMANO
53340,FATOR OPERACIONAL
53340,FATOR HUMANO
53340,FATOR OPERACIONAL
53340,FATOR HUMANO
53340,FATOR HUMANO
53340,FATOR HUMANO
53340,FATOR OPERACIONAL
53340,FATOR OPERACIONAL
53340,FATOR HUMANO
53340,FATOR HUMANO
53340,FATOR HUMANO
53340,FATOR OPERACIONAL
53353,FATOR OPERACIONAL
53355,***
53355,FATOR OPERACIONAL
53355,FATOR OPERACIONAL
53355,FATOR HUMANO
53356,FATOR OPERACIONAL
53356,FATOR OPERACIONAL
53356,FATOR OPERACIONAL
53358,FATOR HUMANO
53358,FATOR HUMANO
53358,FATOR HUMANO
53358,FATOR HUMANO
53358,FATOR HUMANO
53358,FATOR OPERACIONAL
53358,FATOR HUMANO
53358,FATOR OPERACIONAL
53358,FATOR HUMANO
53358,FATOR HUMANO
53358,FATOR HUMANO
53358,FATOR HUMANO
53358,FATOR HUMANO
53358,FATOR HUMANO
53358,FATOR HUMANO
53360,FATOR HUMANO
53360,FATOR OPERACIONAL
53360,FATOR OPERACIONAL
53360,FATOR OPERACIONAL
53360,FATOR HUMANO
53360,FATOR HUMANO
53360,FATOR HUMANO
53360,FATOR OPERACIONAL
53361,FATOR OPERACIONAL
53372,***
53372,FATOR OPERACIONAL
53373,FATOR OPERACIONAL
53374,FATOR OPERACIONAL
53374,FATOR OPERACIONAL
53374,FATOR OPERACIONAL
53375,FATOR OPERACIONAL
53375,FATOR OPERACIONAL
53375,FATOR HUMANO
53376,FATOR HUMANO
53376,FATOR HUMANO
53376,FATOR OPERACIONAL
53377,FATOR OPERACIONAL
53377,FATOR OPERACIONAL
53377,FATOR OPERACIONAL
53377,FATOR OPERACIONAL
53377,FATOR OPERACIONAL
53377,FATOR OPERACIONAL
53423,FATOR OPERACIONAL
53423,FATOR OPERACIONAL
53423,FATOR OPERACIONAL
53427,FATOR MATERIAL
53428,FATOR OPERACIONAL
53428,FATOR OPERACIONAL
53428,FATOR OPERACIONAL
53428,FATOR HUMANO
53433,FATOR OPERACIONAL
53433,FATOR OPERACIONAL
53433,FATOR OPERACIONAL
53434,FATOR OPERACIONAL
53434,FATOR OPERACIONAL
53435,FATOR HUMANO
53435,FATOR HUMANO
53435,FATOR OPERACIONAL
53436,FATOR OPERACIONAL
53438,FATOR HUMANO
53438,FATOR OPERACIONAL
53438,FATOR OPERACIONAL
53438,FATOR HUMANO
53438,FATOR HUMANO
53462,FATOR OPERACIONAL
53462,FATOR OPERACIONAL
53462,FATOR OPERACIONAL
53462,FATOR OPERACIONAL
53463,FATOR OPERACIONAL
53463,FATOR OPERACIONAL
53466,FATOR HUMANO
53466,FATOR OPERACIONAL
53466,FATOR OPERACIONAL
53466,FATOR OPERACIONAL
53466,FATOR OPERACIONAL
53469,FATOR OPERACIONAL
53469,OUTRO
53469,FATOR HUMANO
53469,FATOR OPERACIONAL
53471,FATOR OPERACIONAL
53471,FATOR OPERACIONAL
53471,FATOR HUMANO
53471,FATOR OPERACIONAL
53485,FATOR HUMANO
53485,FATOR OPERACIONAL
53487,FATOR OPERACIONAL
53487,FATOR OPERACIONAL
53488,FATOR OPERACIONAL
53488,FATOR HUMANO
53488,FATOR HUMANO
53488,FATOR HUMANO
53488,FATOR HUMANO
53488,FATOR HUMANO
53488,FATOR OPERACIONAL
53488,FATOR HUMANO
53488,FATOR HUMANO
53488,FATOR OPERACIONAL
53488,FATOR OPERACIONAL
53488,FATOR HUMANO
53488,FATOR HUMANO
53488,FATOR HUMANO
53488,FATOR OPERACIONAL
53494,FATOR OPERACIONAL
53494,FATOR OPERACIONAL
53494,FATOR OPERACIONAL
53494,FATOR OPERACIONAL
53495,FATOR OPERACIONAL
53495,FATOR OPERACIONAL
53495,FATOR HUMANO
53496,FATOR HUMANO
53496,FATOR OPERACIONAL
53498,FATOR OPERACIONAL
53498,FATOR OPERACIONAL
53498,FATOR HUMANO
53501,FATOR OPERACIONAL
53501,FATOR OPERACIONAL
53543,FATOR OPERACIONAL
53545,FATOR OPERACIONAL
53546,FATOR OPERACIONAL
53546,FATOR HUMANO
53546,FATOR HUMANO
53546,FATOR OPERACIONAL
53546,FATOR OPERACIONAL
53546,FATOR OPERACIONAL
53546,FATOR HUMANO
53546,FATOR HUMANO
53546,FATOR OPERACIONAL
53546,FATOR HUMANO
53546,FATOR HUMANO
53546,FATOR OPERACIONAL
53551,FATOR OPERACIONAL
53551,FATOR OPERACIONAL
53551,FATOR OPERACIONAL
53551,FATOR HUMANO
53552,FATOR OPERACIONAL
53552,FATOR OPERACIONAL
53559,FATOR OPERACIONAL
53559,FATOR HUMANO
53559,FATOR HUMANO
53559,FATOR OPERACIONAL
53559,FATOR HUMANO
53559,FATOR OPERACIONAL
53559,FATOR OPERACIONAL
53559,FATOR HUMANO
53559,FATOR HUMANO
53559,FATOR HUMANO
53559,FATOR OPERACIONAL
53561,FATOR OPERACIONAL
53561,FATOR HUMANO
53561,FATOR OPERACIONAL
53561,FATOR HUMANO
53561,FATOR HUMANO
53562,FATOR HUMANO
53562,FATOR OPERACIONAL
53562,FATOR OPERACIONAL
53562,FATOR OPERACIONAL
53563,FATOR HUMANO
53563,FATOR OPERACIONAL
53563,FATOR OPERACIONAL
53564,FATOR OPERACIONAL
53564,FATOR HUMANO
53564,FATOR HUMANO
53564,FATOR HUMANO
53564,FATOR HUMANO
53564,FATOR HUMANO
53564,FATOR OPERACIONAL
53564,FATOR HUMANO
53564,OUTRO
53564,FATOR OPERACIONAL
53564,FATOR HUMANO
53564,FATOR OPERACIONAL
53565,FATOR OPERACIONAL
53565,FATOR MATERIAL
53565,FATOR OPERACIONAL
53565,OUTRO
53565,FATOR OPERACIONAL
53568,FATOR OPERACIONAL
53568,FATOR OPERACIONAL
53568,FATOR HUMANO
53571,FATOR OPERACIONAL
53571,FATOR HUMANO
53571,FATOR OPERACIONAL
53571,FATOR OPERACIONAL
53571,FATOR HUMANO
53571,FATOR OPERACIONAL
53571,FATOR HUMANO
53571,FATOR HUMANO
53571,FATOR OPERACIONAL
53572,FATOR OPERACIONAL
53572,FATOR HUMANO
53572,FATOR OPERACIONAL
53572,FATOR OPERACIONAL
53574,FATOR HUMANO
53574,FATOR OPERACIONAL
53574,FATOR OPERACIONAL
53574,FATOR OPERACIONAL
53574,FATOR HUMANO
53576,FATOR OPERACIONAL
53576,FATOR HUMANO
53576,***
53576,FATOR OPERACIONAL
53576,FATOR HUMANO
53576,FATOR OPERACIONAL
53576,FATOR HUMANO
53625,FATOR HUMANO
53625,FATOR HUMANO
53625,FATOR OPERACIONAL
53625,FATOR OPERACIONAL
53625,FATOR HUMANO
53625,FATOR HUMANO
53625,FATOR OPERACIONAL
53625,FATOR HUMANO
53625,FATOR HUMANO
53626,FATOR OPERACIONAL
53626,FATOR OPERACIONAL
53626,FATOR OPERACIONAL
53628,FATOR OPERACIONAL
60609,FATOR OPERACIONAL
60609,FATOR OPERACIONAL
60609,FATOR OPERACIONAL
60609,FATOR HUMANO
60612,FATOR OPERACIONAL
60612,FATOR OPERACIONAL
60612,FATOR OPERACIONAL
60612,FATOR OPERACIONAL
60613,FATOR OPERACIONAL
60613,FATOR OPERACIONAL
60613,FATOR HUMANO
60613,FATOR OPERACIONAL
60613,FATOR HUMANO
60616,FATOR OPERACIONAL
60620,FATOR OPERACIONAL
60620,FATOR OPERACIONAL
60620,FATOR OPERACIONAL
60620,FATOR OPERACIONAL
60620,FATOR OPERACIONAL
60625,FATOR OPERACIONAL
60625,FATOR HUMANO
60625,FATOR OPERACIONAL
60625,FATOR HUMANO
60625,FATOR OPERACIONAL
60629,FATOR HUMANO
60629,FATOR OPERACIONAL
60629,FATOR HUMANO
60629,FATOR HUMANO
60631,FATOR HUMANO
60631,FATOR OPERACIONAL
60631,FATOR HUMANO
60631,FATOR HUMANO
60631,FATOR OPERACIONAL
60660,FATOR OPERACIONAL
60660,FATOR OPERACIONAL
60660,FATOR OPERACIONAL
60661,FATOR OPERACIONAL
60661,FATOR HUMANO
60661,FATOR HUMANO
60661,FATOR OPERACIONAL
60661,FATOR OPERACIONAL
60661,FATOR HUMANO
60661,FATOR OPERACIONAL
60661,FATOR OPERACIONAL
60661,FATOR HUMANO
60661,FATOR HUMANO
60661,FATOR HUMANO
60665,FATOR HUMANO
60665,FATOR HUMANO
60665,FATOR OPERACIONAL
60669,FATOR OPERACIONAL
60669,FATOR OPERACIONAL
60669,FATOR OPERACIONAL
60669,FATOR OPERACIONAL
60677,FATOR OPERACIONAL
60677,FATOR OPERACIONAL
60692,FATOR OPERACIONAL
60721,FATOR OPERACIONAL
60721,FATOR HUMANO
60721,FATOR OPERACIONAL
60732,FATOR OPERACIONAL
60752,FATOR OPERACIONAL
60752,OUTRO
60752,FATOR OPERACIONAL
60752,FATOR HUMANO
60752,FATOR HUMANO
60783,FATOR OPERACIONAL
60783,FATOR HUMANO
60783,FATOR OPERACIONAL
60783,FATOR OPERACIONAL
60783,FATOR OPERACIONAL
60783,FATOR HUMANO
60783,FATOR HUMANO
60783,FATOR OPERACIONAL
60785,FATOR OPERACIONAL
60785,FATOR OPERACIONAL
60785,FATOR MATERIAL
60892,FATOR OPERACIONAL
60892,FATOR OPERACIONAL
60892,***
60892,FATOR OPERACIONAL
60892,FATOR HUMANO
60897,FATOR OPERACIONAL
60897,FATOR HUMANO
60897,FATOR OPERACIONAL
60897,FATOR OPERACIONAL
60897,OUTRO
60897,FATOR OPERACIONAL
60897,FATOR HUMANO
60897,FATOR HUMANO
60897,FATOR OPERACIONAL
60924,FATOR OPERACIONAL
60924,FATOR OPERACIONAL
60924,FATOR OPERACIONAL
60924,FATOR HUMANO
60924,FATOR OPERACIONAL
60975,FATOR HUMANO
60975,FATOR OPERACIONAL
60975,FATOR OPERACIONAL
60975,FATOR OPERACIONAL
60975,FATOR HUMANO
60975,FATOR HUMANO
60975,FATOR HUMANO
60975,FATOR OPERACIONAL
60980,FATOR OPERACIONAL
60980,FATOR OPERACIONAL
60981,FATOR OPERACIONAL
60981,FATOR OPERACIONAL
60981,FATOR OPERACIONAL
61003,FATOR OPERACIONAL
61003,FATOR OPERACIONAL
61003,FATOR OPERACIONAL
61008,FATOR OPERACIONAL
61008,FATOR OPERACIONAL
61012,FATOR OPERACIONAL
61012,FATOR OPERACIONAL
61012,FATOR OPERACIONAL
61070,FATOR OPERACIONAL
61070,***
61070,FATOR OPERACIONAL
61070,FATOR OPERACIONAL
61079,FATOR OPERACIONAL
61079,FATOR HUMANO
65218,FATOR OPERACIONAL
65218,FATOR HUMANO
65218,FATOR OPERACIONAL
65218,FATOR HUMANO
65218,FATOR OPERACIONAL
65244,FATOR OPERACIONAL
65270,FATOR OPERACIONAL
65292,FATOR HUMANO
65292,FATOR HUMANO
65292,FATOR HUMANO
65292,FATOR OPERACIONAL
65360,FATOR OPERACIONAL
65360,FATOR HUMANO
65360,FATOR HUMANO
65360,FATOR OPERACIONAL
65360,FATOR HUMANO
65360,FATOR HUMANO
65360,FATOR HUMANO
65360,FATOR HUMANO
65412,FATOR OPERACIONAL
65414,FATOR HUMANO
65469,FATOR OPERACIONAL
65469,FATOR OPERACIONAL
65469,FATOR OPERACIONAL
65469,FATOR OPERACIONAL
65493,FATOR OPERACIONAL
65493,FATOR OPERACIONAL
65493,FATOR OPERACIONAL
65493,FATOR OPERACIONAL
65536,FATOR HUMANO
65536,FATOR OPERACIONAL
65622,FATOR OPERACIONAL
65622,FATOR OPERACIONAL
65743,FATOR HUMANO
65743,FATOR HUMANO
65745,FATOR OPERACIONAL
65745,FATOR OPERACIONAL
65754,OUTRO
65771,FATOR OPERACIONAL
65771,FATOR HUMANO
65771,FATOR OPERACIONAL
65771,FATOR HUMANO
65771,FATOR OPERACIONAL
65771,FATOR HUMANO
65774,FATOR OPERACIONAL
65774,FATOR HUMANO
65774,FATOR OPERACIONAL
65774,FATOR HUMANO
65774,FATOR OPERACIONAL
65808,FATOR OPERACIONAL
65808,FATOR HUMANO
65808,FATOR OPERACIONAL
65808,FATOR OPERACIONAL
65810,FATOR OPERACIONAL
65813,FATOR OPERACIONAL
65813,FATOR OPERACIONAL
65813,FATOR OPERACIONAL
65813,FATOR HUMANO
65815,FATOR OPERACIONAL
65815,FATOR OPERACIONAL
65834,FATOR OPERACIONAL
65834,FATOR OPERACIONAL
65867,FATOR OPERACIONAL
65867,FATOR HUMANO
65867,FATOR HUMANO
65921,FATOR OPERACIONAL
65981,FATOR OPERACIONAL
65982,FATOR OPERACIONAL
65982,FATOR HUMANO
65982,FATOR HUMANO
66005,FATOR OPERACIONAL
66049,FATOR OPERACIONAL
66049,FATOR HUMANO
66065,***
66065,FATOR OPERACIONAL
66065,FATOR OPERACIONAL
66078,FATOR HUMANO
66078,FATOR HUMANO
66078,FATOR HUMANO
66078,FATOR HUMANO
66078,FATOR OPERACIONAL
66078,FATOR HUMANO
66078,FATOR HUMANO
66078,FATOR OPERACIONAL
66078,FATOR OPERACIONAL
66078,FATOR HUMANO
66078,FATOR HUMANO
66078,FATOR OPERACIONAL
66078,FATOR HUMANO
66086,FATOR HUMANO
66086,FATOR OPERACIONAL
66086,FATOR HUMANO
66086,FATOR OPERACIONAL
66086,FATOR HUMANO
66086,FATOR HUMANO
66090,FATOR OPERACIONAL
66090,FATOR HUMANO
66090,FATOR OPERACIONAL
66090,FATOR OPERACIONAL
66090,FATOR OPERACIONAL
66093,FATOR HUMANO
66093,FATOR OPERACIONAL
66093,FATOR OPERACIONAL
66093,FATOR HUMANO
66093,FATOR HUMANO
66094,FATOR OPERACIONAL
66127,FATOR OPERACIONAL
66127,FATOR OPERACIONAL
66131,FATOR OPERACIONAL
66156,FATOR OPERACIONAL
66156,FATOR OPERACIONAL
66156,FATOR OPERACIONAL
66192,FATOR OPERACIONAL
66192,FATOR OPERACIONAL
66192,FATOR HUMANO
66203,FATOR OPERACIONAL
66203,FATOR HUMANO
66203,FATOR HUMANO
66204,FATOR HUMANO
66204,FATOR OPERACIONAL
66204,FATOR OPERACIONAL
66204,FATOR HUMANO
66204,FATOR OPERACIONAL
66215,FATOR OPERACIONAL
66215,FATOR HUMANO
66215,FATOR OPERACIONAL
66215,FATOR HUMANO
66215,FATOR OPERACIONAL
66216,FATOR OPERACIONAL
66216,FATOR OPERACIONAL
66216,FATOR HUMANO
66221,FATOR OPERACIONAL
66221,FATOR OPERACIONAL
66221,FATOR OPERACIONAL
66222,FATOR OPERACIONAL
66222,FATOR OPERACIONAL
66223,OUTRO
66244,FATOR HUMANO
66244,FATOR OPERACIONAL
66244,FATOR HUMANO
66244,FATOR OPERACIONAL
66244,FATOR OPERACIONAL
66244,FATOR HUMANO
66244,FATOR OPERACIONAL
66247,FATOR OPERACIONAL
66247,FATOR OPERACIONAL
66247,FATOR OPERACIONAL
66253,FATOR HUMANO
66309,FATOR HUMANO
66309,FATOR OPERACIONAL
66309,FATOR HUMANO
66309,FATOR HUMANO
66309,FATOR HUMANO
66309,FATOR HUMANO
66309,FATOR HUMANO
66332,FATOR OPERACIONAL
66332,FATOR OPERACIONAL
66332,FATOR OPERACIONAL
66334,FATOR OPERACIONAL
66334,FATOR OPERACIONAL
66334,FATOR HUMANO
66334,FATOR OPERACIONAL
66335,FATOR HUMANO
66335,FATOR OPERACIONAL
66335,FATOR OPERACIONAL
66335,FATOR OPERACIONAL
66335,FATOR HUMANO
66335,FATOR OPERACIONAL
66349,FATOR OPERACIONAL
66349,FATOR OPERACIONAL
66349,FATOR HUMANO
66350,FATOR OPERACIONAL
66350,FATOR OPERACIONAL
66352,FATOR OPERACIONAL
66352,FATOR OPERACIONAL
66352,FATOR OPERACIONAL
66352,FATOR OPERACIONAL
66362,FATOR OPERACIONAL
66362,FATOR OPERACIONAL
66394,FATOR OPERACIONAL
66431,FATOR HUMANO
66431,FATOR HUMANO
66431,FATOR OPERACIONAL
66431,FATOR HUMANO
66431,FATOR HUMANO
66432,FATOR MATERIAL
66444,FATOR OPERACIONAL
66444,OUTRO
66446,FATOR OPERACIONAL
66446,FATOR OPERACIONAL
66446,FATOR HUMANO
66450,FATOR OPERACIONAL
66450,FATOR HUMANO
66450,FATOR OPERACIONAL
66450,FATOR OPERACIONAL
66450,FATOR OPERACIONAL
66450,FATOR HUMANO
66529,FATOR HUMANO
66529,FATOR HUMANO
66529,FATOR HUMANO
66529,FATOR OPERACIONAL
66529,OUTRO
66529,FATOR OPERACIONAL
66529,FATOR OPERACIONAL
66529,FATOR HUMANO
66529,FATOR HUMANO
66529,FATOR OPERACIONAL
66555,FATOR OPERACIONAL
66555,FATOR HUMANO
66555,FATOR OPERACIONAL
66555,FATOR OPERACIONAL
66557,FATOR OPERACIONAL
66559,FATOR OPERACIONAL
66559,FATOR OPERACIONAL
66585,FATOR OPERACIONAL
66585,FATOR OPERACIONAL
66585,FATOR OPERACIONAL
66585,FATOR HUMANO
66616,FATOR HUMANO
66616,FATOR HUMANO
66616,FATOR OPERACIONAL
66616,FATOR OPERACIONAL
66616,FATOR HUMANO
66616,FATOR OPERACIONAL
66616,FATOR OPERACIONAL
66616,FATOR HUMANO
66640,FATOR HUMANO
66640,FATOR OPERACIONAL
66645,FATOR OPERACIONAL
66654,FATOR OPERACIONAL
66743,FATOR HUMANO
66743,FATOR OPERACIONAL
66743,FATOR OPERACIONAL
66743,FATOR OPERACIONAL
66743,FATOR HUMANO
66743,FATOR HUMANO
66743,FATOR OPERACIONAL
66810,FATOR HUMANO
66810,FATOR HUMANO
66810,FATOR HUMANO
66810,FATOR HUMANO
66810,FATOR OPERACIONAL
66911,FATOR OPERACIONAL
66911,FATOR OPERACIONAL
66911,FATOR HUMANO
66977,OUTRO
67040,FATOR OPERACIONAL
67040,FATOR HUMANO
67040,FATOR HUMANO
67040,FATOR OPERACIONAL
67040,FATOR OPERACIONAL
67040,FATOR HUMANO
67040,FATOR HUMANO
67114,FATOR OPERACIONAL
77202,FATOR HUMANO
77202,FATOR HUMANO
77202,FATOR OPERACIONAL
77202,FATOR HUMANO
77248,FATOR OPERACIONAL
77248,FATOR HUMANO
77248,FATOR OPERACIONAL
77248,FATOR OPERACIONAL
77259,FATOR HUMANO
77259,FATOR OPERACIONAL
77259,FATOR HUMANO
77259,FATOR OPERACIONAL
77265,FATOR OPERACIONAL
77271,FATOR OPERACIONAL
77271,FATOR HUMANO
77271,FATOR OPERACIONAL
77271,FATOR OPERACIONAL
77271,OUTRO
77271,FATOR OPERACIONAL
77278,FATOR OPERACIONAL
77278,FATOR HUMANO
77278,FATOR HUMANO
77278,FATOR HUMANO
77297,FATOR OPERACIONAL
77301,FATOR OPERACIONAL
77301,FATOR OPERACIONAL
77301,FATOR OPERACIONAL
77304,FATOR OPERACIONAL
77304,FATOR HUMANO
77306,FATOR OPERACIONAL
77316,FATOR OPERACIONAL
77316,FATOR HUMANO
77320,FATOR OPERACIONAL
77320,FATOR HUMANO
77320,FATOR HUMANO
77320,FATOR OPERACIONAL
77320,FATOR OPERACIONAL
77320,FATOR HUMANO
77320,FATOR HUMANO
77320,FATOR HUMANO
77324,FATOR OPERACIONAL
77324,FATOR OPERACIONAL
77324,FATOR HUMANO
77324,FATOR OPERACIONAL
77324,FATOR HUMANO
77337,OUTRO
77349,FATOR HUMANO
77349,FATOR HUMANO
77353,FATOR HUMANO
77353,FATOR HUMANO
77353,FATOR OPERACIONAL
77353,FATOR OPERACIONAL
77353,FATOR HUMANO
77353,FATOR OPERACIONAL
77353,FATOR HUMANO
77353,FATOR OPERACIONAL
77354,FATOR HUMANO
77354,FATOR HUMANO
77354,FATOR OPERACIONAL
77371,FATOR OPERACIONAL
77391,FATOR HUMANO
77391,FATOR OPERACIONAL
77391,FATOR OPERACIONAL
77391,FATOR HUMANO
77391,FATOR OPERACIONAL
77407,FATOR HUMANO
77407,FATOR OPERACIONAL
77407,FATOR HUMANO
77407,FATOR HUMANO
77407,FATOR HUMANO
77407,FATOR OPERACIONAL
77407,FATOR OPERACIONAL
77407,FATOR HUMANO
77407,FATOR HUMANO
77407,FATOR HUMANO
77407,FATOR HUMANO
77413,FATOR OPERACIONAL
77413,FATOR OPERACIONAL
77413,FATOR OPERACIONAL
77431,FATOR OPERACIONAL
77431,FATOR OPERACIONAL
77441,FATOR OPERACIONAL
77441,FATOR OPERACIONAL
77441,FATOR OPERACIONAL
77441,FATOR HUMANO
77454,FATOR OPERACIONAL
77454,FATOR HUMANO
77454,FATOR OPERACIONAL
77454,FATOR OPERACIONAL
77470,FATOR OPERACIONAL
77470,FATOR OPERACIONAL
77470,FATOR OPERACIONAL
77470,FATOR OPERACIONAL
77470,FATOR HUMANO
77474,FATOR OPERACIONAL
77474,FATOR OPERACIONAL
77474,FATOR HUMANO
77474,FATOR OPERACIONAL
77474,FATOR OPERACIONAL
77474,FATOR OPERACIONAL
77474,FATOR HUMANO
77474,FATOR OPERACIONAL
77487,FATOR OPERACIONAL
77487,FATOR OPERACIONAL
77487,FATOR HUMANO
77487,FATOR OPERACIONAL
77495,FATOR OPERACIONAL
77502,FATOR HUMANO
77502,FATOR OPERACIONAL
77502,FATOR OPERACIONAL
77502,FATOR OPERACIONAL
77502,FATOR HUMANO
77505,FATOR OPERACIONAL
77505,FATOR OPERACIONAL
77505,FATOR HUMANO
77521,FATOR OPERACIONAL
77521,FATOR OPERACIONAL
77521,FATOR OPERACIONAL
77521,FATOR OPERACIONAL
77521,FATOR HUMANO
77544,FATOR OPERACIONAL
77544,FATOR HUMANO
77544,FATOR OPERACIONAL
77554,FATOR HUMANO
77554,FATOR OPERACIONAL
77554,FATOR OPERACIONAL
77554,FATOR HUMANO
77554,FATOR OPERACIONAL
77602,FATOR OPERACIONAL
77602,FATOR OPERACIONAL
77602,FATOR OPERACIONAL
77602,FATOR HUMANO
77602,FATOR HUMANO
77630,FATOR OPERACIONAL
77630,FATOR OPERACIONAL
77638,FATOR OPERACIONAL
77638,FATOR OPERACIONAL
77639,FATOR OPERACIONAL
77639,FATOR OPERACIONAL
77649,FATOR OPERACIONAL
77657,FATOR OPERACIONAL
77657,FATOR HUMANO
77657,FATOR OPERACIONAL
77660,FATOR OPERACIONAL
77660,FATOR OPERACIONAL
77660,FATOR OPERACIONAL
77660,FATOR OPERACIONAL
77663,FATOR OPERACIONAL
77663,FATOR OPERACIONAL
77667,FATOR OPERACIONAL
77667,FATOR OPERACIONAL
77667,FATOR OPERACIONAL
77670,FATOR OPERACIONAL
77670,FATOR HUMANO
77670,FATOR HUMANO
77670,FATOR OPERACIONAL
77670,FATOR HUMANO
77672,FATOR OPERACIONAL
77672,FATOR OPERACIONAL
77675,FATOR HUMANO
77675,FATOR OPERACIONAL
77675,FATOR OPERACIONAL
77675,FATOR HUMANO
77678,FATOR HUMANO
77678,FATOR OPERACIONAL
77678,FATOR HUMANO
77678,FATOR HUMANO
77678,FATOR OPERACIONAL
77684,FATOR OPERACIONAL
77684,FATOR OPERACIONAL
77685,FATOR OPERACIONAL
77685,FATOR OPERACIONAL
77685,FATOR OPERACIONAL
77686,FATOR OPERACIONAL
77686,FATOR OPERACIONAL
77693,FATOR OPERACIONAL
77695,FATOR HUMANO
77695,FATOR HUMANO
77695,FATOR HUMANO
77697,FATOR HUMANO
77697,FATOR OPERACIONAL
77697,FATOR OPERACIONAL
77697,FATOR HUMANO
77697,FATOR HUMANO
77699,FATOR OPERACIONAL
77699,FATOR OPERACIONAL
77700,FATOR OPERACIONAL
77700,FATOR OPERACIONAL
77700,FATOR HUMANO
77700,FATOR HUMANO
77700,FATOR OPERACIONAL
77700,FATOR OPERACIONAL
77700,FATOR OPERACIONAL
77700,FATOR OPERACIONAL
77700,FATOR HUMANO
77717,FATOR OPERACIONAL
77717,FATOR HUMANO
77717,FATOR OPERACIONAL
77717,FATOR OPERACIONAL
77724,FATOR OPERACIONAL
77724,FATOR HUMANO
77724,FATOR OPERACIONAL
77724,FATOR OPERACIONAL
77724,FATOR OPERACIONAL
77724,FATOR HUMANO
77726,FATOR OPERACIONAL
77726,FATOR HUMANO
77726,FATOR HUMANO
77726,FATOR OPERACIONAL
77726,FATOR OPERACIONAL
77726,FATOR OPERACIONAL
77726,FATOR HUMANO
77726,FATOR OPERACIONAL
77731,FATOR OPERACIONAL
77731,FATOR OPERACIONAL
77731,FATOR OPERACIONAL
77733,FATOR HUMANO
77733,FATOR HUMANO
77733,FATOR MATERIAL
77733,FATOR OPERACIONAL
77733,FATOR OPERACIONAL
77733,FATOR OPERACIONAL
77733,FATOR HUMANO
77741,FATOR OPERACIONAL
77741,FATOR OPERACIONAL
77742,FATOR HUMANO
77742,FATOR OPERACIONAL
77752,FATOR OPERACIONAL
77752,FATOR OPERACIONAL
77766,FATOR OPERACIONAL
77766,FATOR HUMANO
77766,FATOR OPERACIONAL
77766,FATOR OPERACIONAL
77766,FATOR HUMANO
77770,FATOR OPERACIONAL
77770,FATOR OPERACIONAL
77786,FATOR OPERACIONAL
77786,FATOR HUMANO
77786,FATOR OPERACIONAL
77786,FATOR HUMANO
77786,FATOR HUMANO
77789,FATOR OPERACIONAL
77789,FATOR HUMANO
77789,FATOR OPERACIONAL
77791,FATOR HUMANO
77791,FATOR HUMANO
77791,FATOR HUMANO
77791,FATOR OPERACIONAL
77791,FATOR HUMANO
77791,FATOR HUMANO
77803,FATOR HUMANO
77803,FATOR HUMANO
77803,FATOR HUMANO
77803,FATOR HUMANO
77803,FATOR OPERACIONAL
77803,FATOR OPERACIONAL
77803,FATOR OPERACIONAL
77803,FATOR OPERACIONAL
77803,FATOR OPERACIONAL
77803,FATOR OPERACIONAL
77803,FATOR HUMANO
77803,FATOR OPERACIONAL
77803,FATOR HUMANO
77807,FATOR OPERACIONAL
77807,FATOR OPERACIONAL
77808,FATOR OPERACIONAL
77808,FATOR OPERACIONAL
77808,FATOR OPERACIONAL
77808,FATOR OPERACIONAL
77819,FATOR HUMANO
77819,FATOR OPERACIONAL
77819,FATOR HUMANO
77819,FATOR OPERACIONAL
77830,FATOR HUMANO
77830,FATOR OPERACIONAL
77830,FATOR HUMANO
77830,FATOR OPERACIONAL
77840,FATOR HUMANO
77840,FATOR OPERACIONAL
77840,FATOR HUMANO
77840,FATOR OPERACIONAL
77840,FATOR OPERACIONAL
77840,FATOR HUMANO
77840,FATOR OPERACIONAL
77840,FATOR HUMANO
77847,FATOR HUMANO
77861,FATOR OPERACIONAL
77861,FATOR OPERACIONAL
77864,FATOR OPERACIONAL
77864,FATOR HUMANO
77864,FATOR OPERACIONAL
77864,FATOR HUMANO
77864,FATOR OPERACIONAL
77865,FATOR OPERACIONAL
77865,FATOR HUMANO
77865,FATOR OPERACIONAL
77868,FATOR OPERACIONAL
77868,FATOR OPERACIONAL
77868,FATOR OPERACIONAL
77878,FATOR OPERACIONAL
77878,FATOR HUMANO
77878,FATOR OPERACIONAL
77878,FATOR OPERACIONAL
77878,FATOR OPERACIONAL
77893,FATOR OPERACIONAL
77893,FATOR OPERACIONAL
77895,FATOR OPERACIONAL
77895,FATOR HUMANO
77895,FATOR OPERACIONAL
77895,FATOR HUMANO
77895,FATOR HUMANO
77895,FATOR HUMANO
77905,FATOR OPERACIONAL
77905,FATOR OPERACIONAL
77905,FATOR OPERACIONAL
77905,FATOR HUMANO
77933,FATOR OPERACIONAL
77933,FATOR OPERACIONAL
77963,FATOR OPERACIONAL
77977,FATOR OPERACIONAL
77985,FATOR OPERACIONAL
78006,FATOR OPERACIONAL
78006,FATOR OPERACIONAL
78018,FATOR OPERACIONAL
78018,FATOR OPERACIONAL
78018,FATOR OPERACIONAL
78018,FATOR OPERACIONAL
78018,FATOR OPERACIONAL
78031,FATOR OPERACIONAL
78031,FATOR HUMANO
78031,FATOR OPERACIONAL
78031,FATOR OPERACIONAL
78031,FATOR OPERACIONAL
78031,FATOR HUMANO
78031,FATOR OPERACIONAL
78031,FATOR OPERACIONAL
78052,FATOR OPERACIONAL
78052,FATOR OPERACIONAL
78052,FATOR OPERACIONAL
78052,FATOR OPERACIONAL
78052,FATOR OPERACIONAL
78055,FATOR OPERACIONAL
78080,FATOR HUMANO
78080,FATOR HUMANO
78080,FATOR HUMANO
78080,FATOR OPERACIONAL
78080,FATOR OPERACIONAL
78080,FATOR HUMANO
78081,FATOR OPERACIONAL
78081,FATOR HUMANO
78081,FATOR OPERACIONAL
78081,FATOR OPERACIONAL
78081,FATOR OPERACIONAL
78081,FATOR OPERACIONAL
78081,FATOR HUMANO
78103,FATOR OPERACIONAL
78103,FATOR HUMANO
78103,FATOR HUMANO
78103,FATOR HUMANO
78103,FATOR OPERACIONAL
78137,FATOR OPERACIONAL
78137,FATOR OPERACIONAL
78137,FATOR OPERACIONAL
78137,FATOR OPERACIONAL
78147,FATOR OPERACIONAL
78147,FATOR OPERACIONAL
78160,FATOR HUMANO
78160,FATOR OPERACIONAL
78160,FATOR OPERACIONAL
78162,FATOR HUMANO
78162,FATOR HUMANO
78162,FATOR HUMANO
78162,FATOR OPERACIONAL
78162,FATOR HUMANO
78162,FATOR OPERACIONAL
78162,FATOR HUMANO
78176,FATOR HUMANO
78176,FATOR HUMANO
78207,FATOR HUMANO
78207,FATOR OPERACIONAL
78207,FATOR HUMANO
78207,FATOR HUMANO
78235,FATOR HUMANO
78235,FATOR HUMANO
78235,FATOR HUMANO
78235,FATOR OPERACIONAL
78256,FATOR OPERACIONAL
78296,FATOR OPERACIONAL
78296,FATOR HUMANO
78296,FATOR OPERACIONAL
78296,FATOR OPERACIONAL
78296,FATOR HUMANO
78296,FATOR OPERACIONAL
78314,FATOR OPERACIONAL
78314,FATOR HUMANO
78314,FATOR OPERACIONAL
78314,FATOR OPERACIONAL
78314,FATOR OPERACIONAL
78314,FATOR HUMANO
78338,FATOR HUMANO
78338,FATOR HUMANO
78338,FATOR HUMANO
78338,FATOR HUMANO
78338,FATOR HUMANO
78338,FATOR OPERACIONAL
78372,OUTRO
78383,FATOR MATERIAL
78390,FATOR OPERACIONAL
78390,FATOR HUMANO
78390,FATOR OPERACIONAL
78390,FATOR OPERACIONAL
78390,FATOR OPERACIONAL
78390,FATOR OPERACIONAL
78390,FATOR HUMANO
78397,FATOR OPERACIONAL
78426,FATOR OPERACIONAL
78426,FATOR OPERACIONAL
78426,FATOR OPERACIONAL
78429,FATOR OPERACIONAL
78429,FATOR OPERACIONAL
78429,FATOR OPERACIONAL
78429,FATOR OPERACIONAL
78430,FATOR OPERACIONAL
78430,FATOR HUMANO
78430,FATOR OPERACIONAL
78430,FATOR HUMANO
78430,FATOR HUMANO
78432,FATOR OPERACIONAL
78432,FATOR OPERACIONAL
78432,FATOR HUMANO
78432,FATOR OPERACIONAL
78432,FATOR OPERACIONAL
78479,FATOR HUMANO
78479,FATOR OPERACIONAL
78479,FATOR OPERACIONAL
78485,FATOR OPERACIONAL
78485,FATOR HUMANO
78488,FATOR HUMANO
78488,FATOR HUMANO
78488,FATOR HUMANO
78488,FATOR HUMANO
78497,FATOR HUMANO
78497,FATOR HUMANO
78497,FATOR OPERACIONAL
78497,FATOR HUMANO
78497,FATOR OPERACIONAL
78497,FATOR OPERACIONAL
78497,FATOR HUMANO
78497,FATOR HUMANO
78513,FATOR HUMANO
78513,FATOR OPERACIONAL
78513,FATOR OPERACIONAL
78527,FATOR OPERACIONAL
78527,FATOR HUMANO
78528,FATOR HUMANO
78528,FATOR OPERACIONAL
78528,FATOR HUMANO
78528,FATOR OPERACIONAL
78528,FATOR HUMANO
78528,FATOR HUMANO
78528,FATOR HUMANO
78532,FATOR OPERACIONAL
78532,FATOR HUMANO
78532,FATOR HUMANO
78532,FATOR OPERACIONAL
78532,FATOR OPERACIONAL
78532,FATOR OPERACIONAL
78532,FATOR HUMANO
78532,FATOR HUMANO
78532,FATOR HUMANO
78550,FATOR OPERACIONAL
78550,FATOR OPERACIONAL
78564,FATOR OPERACIONAL
78564,FATOR HUMANO
78564,FATOR OPERACIONAL
78564,FATOR OPERACIONAL
78564,FATOR OPERACIONAL
78564,FATOR HUMANO
78564,FATOR OPERACIONAL
78564,FATOR HUMANO
78609,FATOR OPERACIONAL
78609,FATOR OPERACIONAL
78612,FATOR OPERACIONAL
78612,FATOR OPERACIONAL
78620,OUTRO
78643,FATOR OPERACIONAL
78643,FATOR OPERACIONAL
78643,FATOR OPERACIONAL
78643,FATOR OPERACIONAL
78643,FATOR OPERACIONAL
78655,FATOR OPERACIONAL
78655,FATOR OPERACIONAL
78655,FATOR OPERACIONAL
78695,FATOR OPERACIONAL
78695,FATOR HUMANO
78695,FATOR HUMANO
78695,FATOR OPERACIONAL
78695,FATOR HUMANO
78695,FATOR OPERACIONAL
78695,FATOR OPERACIONAL
78695,FATOR HUMANO
78695,FATOR HUMANO
78695,FATOR OPERACIONAL
78695,FATOR OPERACIONAL
78695,FATOR HUMANO
78695,FATOR HUMANO
78695,FATOR OPERACIONAL
78743,FATOR OPERACIONAL
78743,FATOR OPERACIONAL
78766,FATOR OPERACIONAL
78774,FATOR OPERACIONAL
78774,FATOR OPERACIONAL
78774,FATOR HUMANO
78774,FATOR OPERACIONAL
78774,FATOR HUMANO
78774,FATOR HUMANO
79110,FATOR HUMANO
79110,FATOR HUMANO
79110,FATOR HUMANO
79110,FATOR HUMANO
79124,FATOR OPERACIONAL
79124,FATOR OPERACIONAL
79128,FATOR OPERACIONAL
79128,FATOR HUMANO
79128,FATOR OPERACIONAL
79128,FATOR OPERACIONAL
79128,FATOR HUMANO
79195,OUTRO
79198,FATOR OPERACIONAL
79198,FATOR OPERACIONAL
79397,FATOR HUMANO
79397,FATOR OPERACIONAL
79397,FATOR HUMANO
79397,FATOR OPERACIONAL
79665,FATOR OPERACIONAL
79665,FATOR OPERACIONAL
